target,horizon_weeks,model,origin_date,target_date,actual,prediction,error,abs_error
anp_ethanol_mt_net_l,4,A_target_seasonality,2024-09-20,2024-10-18,3.3035270833333334,3.1571046774320464,-0.14642240590128708,0.14642240590128708
anp_ethanol_mt_net_l,4,A_target_seasonality,2024-10-25,2024-11-22,3.4498469230769233,3.1859873602569944,-0.26385956281992895,0.26385956281992895
anp_ethanol_mt_net_l,4,A_target_seasonality,2024-11-29,2024-12-27,3.4856697183098593,3.4523463302597337,-0.03332338805012558,0.03332338805012558
anp_ethanol_mt_net_l,4,A_target_seasonality,2025-01-03,2025-01-31,3.6345420263157897,3.616648292436308,-0.017893733879481566,0.017893733879481566
anp_ethanol_mt_net_l,4,A_target_seasonality,2025-02-07,2025-03-07,3.687158631578948,3.712651695788304,0.025493064209356042,0.025493064209356042
anp_ethanol_mt_net_l,4,A_target_seasonality,2025-03-14,2025-04-11,3.590871421052632,3.777231252471274,0.18635983141864232,0.18635983141864232
anp_ethanol_mt_net_l,4,A_target_seasonality,2025-04-18,2025-05-16,3.4142980000000005,3.641324623312873,0.22702662331287238,0.22702662331287238
anp_ethanol_mt_net_l,4,A_target_seasonality,2025-05-23,2025-06-20,3.3797259210526316,3.4599995844904745,0.08027366343784292,0.08027366343784292
anp_ethanol_mt_net_l,4,A_target_seasonality,2025-06-27,2025-07-25,3.3666466000000006,3.3299206519801463,-0.03672594801985429,0.03672594801985429
anp_ethanol_mt_net_l,4,A_target_seasonality,2025-08-01,2025-08-29,3.508073043478261,3.2377225475052143,-0.2703504959730467,0.2703504959730467
anp_ethanol_mt_net_l,4,A_target_seasonality,2025-09-05,2025-10-03,3.664804,3.400386770548167,-0.264417229451833,0.264417229451833
anp_ethanol_mt_net_l,4,A_target_seasonality,2025-10-10,2025-11-07,3.6843485862068963,3.58602879531685,-0.09831979089004639,0.09831979089004639
anp_ethanol_mt_net_l,4,A_target_seasonality,2025-11-14,2025-12-12,3.778527478260869,3.629941095704885,-0.1485863825559841,0.1485863825559841
anp_ethanol_mt_net_l,4,A_target_seasonality,2025-12-19,2026-01-16,3.885549454545455,3.7191703330673564,-0.16637912147809875,0.16637912147809875
anp_ethanol_mt_net_l,4,A_target_seasonality,2026-01-23,2026-02-20,3.9479390909090912,3.8380415901204774,-0.10989750078861382,0.10989750078861382
anp_ethanol_mt_net_l,4,A_target_seasonality,2026-02-27,2026-03-27,3.9411151176470587,3.9149551336154462,-0.02615998403161246,0.02615998403161246
anp_ethanol_mt_net_l,4,A_target_seasonality,2026-04-03,2026-05-01,3.8623858795180728,3.950016235223226,0.0876303557051532,0.0876303557051532
anp_ethanol_mt_net_l,4,A_target_seasonality,2026-05-08,2026-06-05,3.329427307692308,3.819246918567527,0.4898196108752191,0.4898196108752191
anp_ethanol_mt_net_l,4,A_target_seasonality,2026-06-12,2026-07-10,3.1859025454545455,3.292532629291712,0.10663008383716654,0.10663008383716654
anp_ethanol_mt_net_l,4,A_target_seasonality,2026-07-17,2026-08-14,3.1081458372093023,3.1509775345136286,0.042831697304326344,0.042831697304326344
anp_ethanol_mt_net_l,4,A_target_seasonality,2026-08-21,2026-09-18,3.4012503294117646,3.115225342576458,-0.28602498683530664,0.28602498683530664
anp_ethanol_mt_net_l,4,B_plus_gasoline,2024-09-20,2024-10-18,3.3035270833333334,3.218054982603807,-0.08547210072952627,0.08547210072952627
anp_ethanol_mt_net_l,4,B_plus_gasoline,2024-10-25,2024-11-22,3.4498469230769233,3.2497320339859215,-0.20011488909100184,0.20011488909100184
anp_ethanol_mt_net_l,4,B_plus_gasoline,2024-11-29,2024-12-27,3.4856697183098593,3.481729575243512,-0.003940143066347268,0.003940143066347268
anp_ethanol_mt_net_l,4,B_plus_gasoline,2025-01-03,2025-01-31,3.6345420263157897,3.649951560041134,0.015409533725344371,0.015409533725344371
anp_ethanol_mt_net_l,4,B_plus_gasoline,2025-02-07,2025-03-07,3.687158631578948,3.735984324719133,0.048825693140185145,0.048825693140185145
anp_ethanol_mt_net_l,4,B_plus_gasoline,2025-03-14,2025-04-11,3.590871421052632,3.8063125438779544,0.21544112282532257,0.21544112282532257
anp_ethanol_mt_net_l,4,B_plus_gasoline,2025-04-18,2025-05-16,3.4142980000000005,3.67290870942482,0.25861070942481934,0.25861070942481934
anp_ethanol_mt_net_l,4,B_plus_gasoline,2025-05-23,2025-06-20,3.3797259210526316,3.467008203357545,0.0872822823049133,0.0872822823049133
anp_ethanol_mt_net_l,4,B_plus_gasoline,2025-06-27,2025-07-25,3.3666466000000006,3.330964807825195,-0.035681792174805604,0.035681792174805604
anp_ethanol_mt_net_l,4,B_plus_gasoline,2025-08-01,2025-08-29,3.508073043478261,3.253480639530702,-0.2545924039475591,0.2545924039475591
anp_ethanol_mt_net_l,4,B_plus_gasoline,2025-09-05,2025-10-03,3.664804,3.4261021576975295,-0.2387018423024707,0.2387018423024707
anp_ethanol_mt_net_l,4,B_plus_gasoline,2025-10-10,2025-11-07,3.6843485862068963,3.6157418926398264,-0.06860669356706994,0.06860669356706994
anp_ethanol_mt_net_l,4,B_plus_gasoline,2025-11-14,2025-12-12,3.778527478260869,3.695016772866804,-0.08351070539406491,0.08351070539406491
anp_ethanol_mt_net_l,4,B_plus_gasoline,2025-12-19,2026-01-16,3.885549454545455,3.801155066973005,-0.08439438757245021,0.08439438757245021
anp_ethanol_mt_net_l,4,B_plus_gasoline,2026-01-23,2026-02-20,3.9479390909090912,3.916960070583525,-0.03097902032556643,0.03097902032556643
anp_ethanol_mt_net_l,4,B_plus_gasoline,2026-02-27,2026-03-27,3.9411151176470587,3.9667315625969546,0.0256164449498959,0.0256164449498959
anp_ethanol_mt_net_l,4,B_plus_gasoline,2026-04-03,2026-05-01,3.8623858795180728,4.037709499260966,0.17532361974289357,0.17532361974289357
anp_ethanol_mt_net_l,4,B_plus_gasoline,2026-05-08,2026-06-05,3.329427307692308,3.8868402604454646,0.5574129527531566,0.5574129527531566
anp_ethanol_mt_net_l,4,B_plus_gasoline,2026-06-12,2026-07-10,3.1859025454545455,3.330178485471758,0.14427594001721245,0.14427594001721245
anp_ethanol_mt_net_l,4,B_plus_gasoline,2026-07-17,2026-08-14,3.1081458372093023,3.1798423617168754,0.07169652450757313,0.07169652450757313
anp_ethanol_mt_net_l,4,B_plus_gasoline,2026-08-21,2026-09-18,3.4012503294117646,3.1523925074879653,-0.24885782192379935,0.24885782192379935
anp_ethanol_mt_net_l,4,C_plus_brent,2024-09-20,2024-10-18,3.3035270833333334,3.153170781680699,-0.15035630165263436,0.15035630165263436
anp_ethanol_mt_net_l,4,C_plus_brent,2024-10-25,2024-11-22,3.4498469230769233,3.256526008998037,-0.1933209140788863,0.1933209140788863
anp_ethanol_mt_net_l,4,C_plus_brent,2024-11-29,2024-12-27,3.4856697183098593,3.5154957486768104,0.029826030366951084,0.029826030366951084
anp_ethanol_mt_net_l,4,C_plus_brent,2025-01-03,2025-01-31,3.6345420263157897,3.6575082514971977,0.022966225181408007,0.022966225181408007
anp_ethanol_mt_net_l,4,C_plus_brent,2025-02-07,2025-03-07,3.687158631578948,3.732624713219387,0.04546608164043908,0.04546608164043908
anp_ethanol_mt_net_l,4,C_plus_brent,2025-03-14,2025-04-11,3.590871421052632,3.786730458129537,0.1958590370769051,0.1958590370769051
anp_ethanol_mt_net_l,4,C_plus_brent,2025-04-18,2025-05-16,3.4142980000000005,3.6498611619954455,0.23556316199544503,0.23556316199544503
anp_ethanol_mt_net_l,4,C_plus_brent,2025-05-23,2025-06-20,3.3797259210526316,3.456257775410688,0.07653185435805643,0.07653185435805643
anp_ethanol_mt_net_l,4,C_plus_brent,2025-06-27,2025-07-25,3.3666466000000006,3.4271147009196805,0.06046810091967991,0.06046810091967991
anp_ethanol_mt_net_l,4,C_plus_brent,2025-08-01,2025-08-29,3.508073043478261,3.2450024475572516,-0.26307059592100934,0.26307059592100934
anp_ethanol_mt_net_l,4,C_plus_brent,2025-09-05,2025-10-03,3.664804,3.4257358361597254,-0.23906816384027474,0.23906816384027474
anp_ethanol_mt_net_l,4,C_plus_brent,2025-10-10,2025-11-07,3.6843485862068963,3.657813836124723,-0.026534750082173097,0.026534750082173097
anp_ethanol_mt_net_l,4,C_plus_brent,2025-11-14,2025-12-12,3.778527478260869,3.7105824477217095,-0.06794503053915957,0.06794503053915957
anp_ethanol_mt_net_l,4,C_plus_brent,2025-12-19,2026-01-16,3.885549454545455,3.823322189714956,-0.06222726483049934,0.06222726483049934
anp_ethanol_mt_net_l,4,C_plus_brent,2026-01-23,2026-02-20,3.9479390909090912,3.986408322757224,0.03846923184813278,0.03846923184813278
anp_ethanol_mt_net_l,4,C_plus_brent,2026-02-27,2026-03-27,3.9411151176470587,3.981048635824927,0.039933518177868166,0.039933518177868166
anp_ethanol_mt_net_l,4,C_plus_brent,2026-04-03,2026-05-01,3.8623858795180728,4.069752949006931,0.2073670694888583,0.2073670694888583
anp_ethanol_mt_net_l,4,C_plus_brent,2026-05-08,2026-06-05,3.329427307692308,3.4691675320391044,0.13974022434679645,0.13974022434679645
anp_ethanol_mt_net_l,4,C_plus_brent,2026-06-12,2026-07-10,3.1859025454545455,3.1650290000231043,-0.020873545431441265,0.020873545431441265
anp_ethanol_mt_net_l,4,C_plus_brent,2026-07-17,2026-08-14,3.1081458372093023,3.1753335018830966,0.06718766467379433,0.06718766467379433
anp_ethanol_mt_net_l,4,C_plus_brent,2026-08-21,2026-09-18,3.4012503294117646,3.152478937707624,-0.24877139170414075,0.24877139170414075
anp_ethanol_mt_net_l,4,D_plus_usd_brl,2024-09-20,2024-10-18,3.3035270833333334,3.1871436355849565,-0.11638344774837694,0.11638344774837694
anp_ethanol_mt_net_l,4,D_plus_usd_brl,2024-10-25,2024-11-22,3.4498469230769233,3.3107439326243675,-0.1391029904525558,0.1391029904525558
anp_ethanol_mt_net_l,4,D_plus_usd_brl,2024-11-29,2024-12-27,3.4856697183098593,3.520754552660576,0.035084834350716854,0.035084834350716854
anp_ethanol_mt_net_l,4,D_plus_usd_brl,2025-01-03,2025-01-31,3.6345420263157897,3.6959701838935803,0.06142815757779063,0.06142815757779063
anp_ethanol_mt_net_l,4,D_plus_usd_brl,2025-02-07,2025-03-07,3.687158631578948,3.6141939653453083,-0.07296466623363962,0.07296466623363962
anp_ethanol_mt_net_l,4,D_plus_usd_brl,2025-03-14,2025-04-11,3.590871421052632,3.6842037116826845,0.09333229063005266,0.09333229063005266
anp_ethanol_mt_net_l,4,D_plus_usd_brl,2025-04-18,2025-05-16,3.4142980000000005,3.7301091322260054,0.3158111322260049,0.3158111322260049
anp_ethanol_mt_net_l,4,D_plus_usd_brl,2025-05-23,2025-06-20,3.3797259210526316,3.444552932833606,0.06482701178097461,0.06482701178097461
anp_ethanol_mt_net_l,4,D_plus_usd_brl,2025-06-27,2025-07-25,3.3666466000000006,3.388768974156287,0.022122374156286373,0.022122374156286373
anp_ethanol_mt_net_l,4,D_plus_usd_brl,2025-08-01,2025-08-29,3.508073043478261,3.27872041981262,-0.2293526236656409,0.2293526236656409
anp_ethanol_mt_net_l,4,D_plus_usd_brl,2025-09-05,2025-10-03,3.664804,3.343047921126308,-0.3217560788736922,0.3217560788736922
anp_ethanol_mt_net_l,4,D_plus_usd_brl,2025-10-10,2025-11-07,3.6843485862068963,3.532133948402113,-0.1522146378047835,0.1522146378047835
anp_ethanol_mt_net_l,4,D_plus_usd_brl,2025-11-14,2025-12-12,3.778527478260869,3.65266407414508,-0.1258634041157891,0.1258634041157891
anp_ethanol_mt_net_l,4,D_plus_usd_brl,2025-12-19,2026-01-16,3.885549454545455,3.8170648402113447,-0.06848461433411046,0.06848461433411046
anp_ethanol_mt_net_l,4,D_plus_usd_brl,2026-01-23,2026-02-20,3.9479390909090912,3.9288523304367935,-0.019086760472297737,0.019086760472297737
anp_ethanol_mt_net_l,4,D_plus_usd_brl,2026-02-27,2026-03-27,3.9411151176470587,3.9180046722047073,-0.023110445442351413,0.023110445442351413
anp_ethanol_mt_net_l,4,D_plus_usd_brl,2026-04-03,2026-05-01,3.8623858795180728,4.107927182275492,0.24554130275741892,0.24554130275741892
anp_ethanol_mt_net_l,4,D_plus_usd_brl,2026-05-08,2026-06-05,3.329427307692308,3.4171940959632994,0.08776678827099138,0.08776678827099138
anp_ethanol_mt_net_l,4,D_plus_usd_brl,2026-06-12,2026-07-10,3.1859025454545455,3.207262378105077,0.02135983265053154,0.02135983265053154
anp_ethanol_mt_net_l,4,D_plus_usd_brl,2026-07-17,2026-08-14,3.1081458372093023,3.1605340056344193,0.052388168425117065,0.052388168425117065
anp_ethanol_mt_net_l,4,D_plus_usd_brl,2026-08-21,2026-09-18,3.4012503294117646,3.2133046661673372,-0.1879456632444274,0.1879456632444274
anp_ethanol_mt_net_l,12,A_target_seasonality,2024-09-20,2024-12-13,3.515244285714286,3.1526489352845055,-0.3625953504297805,0.3625953504297805
anp_ethanol_mt_net_l,12,A_target_seasonality,2024-10-18,2025-01-10,3.4166598421052634,3.2638094358670466,-0.15285040623821677,0.15285040623821677
anp_ethanol_mt_net_l,12,A_target_seasonality,2024-11-15,2025-02-07,3.6607532972972976,3.4661825032543843,-0.19457079404291333,0.19457079404291333
anp_ethanol_mt_net_l,12,A_target_seasonality,2024-12-13,2025-03-07,3.687158631578948,3.7920800995278072,0.10492146794885926,0.10492146794885926
anp_ethanol_mt_net_l,12,A_target_seasonality,2025-01-10,2025-04-04,3.472572342105263,3.8288889538001576,0.35631661169489437,0.35631661169489437
anp_ethanol_mt_net_l,12,A_target_seasonality,2025-02-07,2025-05-02,3.5275703421052627,3.794880881569219,0.26731053946395633,0.26731053946395633
anp_ethanol_mt_net_l,12,A_target_seasonality,2025-03-07,2025-05-30,3.37531972972973,3.7563143191222386,0.3809945893925084,0.3809945893925084
anp_ethanol_mt_net_l,12,A_target_seasonality,2025-04-04,2025-06-27,3.2962564324324326,3.5995230315009277,0.30326659906849507,0.30326659906849507
anp_ethanol_mt_net_l,12,A_target_seasonality,2025-05-02,2025-07-25,3.3666466000000006,3.3456225053468764,-0.02102409465312416,0.02102409465312416
anp_ethanol_mt_net_l,12,A_target_seasonality,2025-05-30,2025-08-22,3.488236260869565,3.3185461522584188,-0.16969010861114642,0.16969010861114642
anp_ethanol_mt_net_l,12,A_target_seasonality,2025-06-27,2025-09-19,3.6453784,3.2816224161959826,-0.3637559838040172,0.3637559838040172
anp_ethanol_mt_net_l,12,A_target_seasonality,2025-07-25,2025-10-17,3.6835229411764714,3.195783454181968,-0.4877394869945033,0.4877394869945033
anp_ethanol_mt_net_l,12,A_target_seasonality,2025-08-22,2025-11-14,3.7082560000000004,3.3449404537073875,-0.363315546292613,0.363315546292613
anp_ethanol_mt_net_l,12,A_target_seasonality,2025-09-19,2025-12-12,3.778527478260869,3.482450494909066,-0.2960769833518029,0.2960769833518029
anp_ethanol_mt_net_l,12,A_target_seasonality,2025-10-17,2026-01-09,3.8762802307692312,3.582035825001906,-0.294244405767325,0.294244405767325
anp_ethanol_mt_net_l,12,A_target_seasonality,2025-11-14,2026-02-06,3.873328082191781,3.60787151710269,-0.265456565089091,0.265456565089091
anp_ethanol_mt_net_l,12,A_target_seasonality,2025-12-12,2026-03-06,3.9378700000000006,3.7308001186660635,-0.2070698813339371,0.2070698813339371
anp_ethanol_mt_net_l,12,A_target_seasonality,2026-01-09,2026-04-03,3.957551541189931,3.8058896888532656,-0.15166185233666551,0.15166185233666551
anp_ethanol_mt_net_l,12,A_target_seasonality,2026-02-06,2026-05-01,3.8623858795180728,3.8224904605645302,-0.03989541895354254,0.03989541895354254
anp_ethanol_mt_net_l,12,A_target_seasonality,2026-03-06,2026-05-29,3.3720097931034485,3.856955531733074,0.48494573862962564,0.48494573862962564
anp_ethanol_mt_net_l,12,A_target_seasonality,2026-04-03,2026-06-26,3.2395272093023255,3.7740662781134446,0.5345390688111191,0.5345390688111191
anp_ethanol_mt_net_l,12,A_target_seasonality,2026-05-01,2026-07-24,3.1664301927710845,3.632303299187756,0.4658731064166717,0.4658731064166717
anp_ethanol_mt_net_l,12,A_target_seasonality,2026-05-29,2026-08-21,3.0987565,3.31597605005011,0.21721955005010996,0.21721955005010996
anp_ethanol_mt_net_l,12,A_target_seasonality,2026-06-26,2026-09-18,3.4012503294117646,3.1450373105473455,-0.25621301886441916,0.25621301886441916
anp_ethanol_mt_net_l,12,B_plus_gasoline,2024-09-20,2024-12-13,3.515244285714286,3.2753795733733253,-0.23986471234096074,0.23986471234096074
anp_ethanol_mt_net_l,12,B_plus_gasoline,2024-10-18,2025-01-10,3.4166598421052634,3.3887413561191324,-0.027918485986131003,0.027918485986131003
anp_ethanol_mt_net_l,12,B_plus_gasoline,2024-11-15,2025-02-07,3.6607532972972976,3.5370402445694595,-0.12371305272783806,0.12371305272783806
anp_ethanol_mt_net_l,12,B_plus_gasoline,2024-12-13,2025-03-07,3.687158631578948,3.87841447721691,0.19125584563796183,0.19125584563796183
anp_ethanol_mt_net_l,12,B_plus_gasoline,2025-01-10,2025-04-04,3.472572342105263,3.8602679997405596,0.38769565763529634,0.38769565763529634
anp_ethanol_mt_net_l,12,B_plus_gasoline,2025-02-07,2025-05-02,3.5275703421052627,3.8315788401725026,0.30400849806723995,0.30400849806723995
anp_ethanol_mt_net_l,12,B_plus_gasoline,2025-03-07,2025-05-30,3.37531972972973,3.7938573685134074,0.4185376387836772,0.4185376387836772
anp_ethanol_mt_net_l,12,B_plus_gasoline,2025-04-04,2025-06-27,3.2962564324324326,3.618066414187723,0.3218099817552904,0.3218099817552904
anp_ethanol_mt_net_l,12,B_plus_gasoline,2025-05-02,2025-07-25,3.3666466000000006,3.372910849682233,0.006264249682232492,0.006264249682232492
anp_ethanol_mt_net_l,12,B_plus_gasoline,2025-05-30,2025-08-22,3.488236260869565,3.3288101764193114,-0.15942608445025375,0.15942608445025375
anp_ethanol_mt_net_l,12,B_plus_gasoline,2025-06-27,2025-09-19,3.6453784,3.288371749474839,-0.357006650525161,0.357006650525161
anp_ethanol_mt_net_l,12,B_plus_gasoline,2025-07-25,2025-10-17,3.6835229411764714,3.228035123060599,-0.4554878181158726,0.4554878181158726
anp_ethanol_mt_net_l,12,B_plus_gasoline,2025-08-22,2025-11-14,3.7082560000000004,3.3857399657382836,-0.3225160342617168,0.3225160342617168
anp_ethanol_mt_net_l,12,B_plus_gasoline,2025-09-19,2025-12-12,3.778527478260869,3.5583131641719947,-0.22021431408887437,0.22021431408887437
anp_ethanol_mt_net_l,12,B_plus_gasoline,2025-10-17,2026-01-09,3.8762802307692312,3.655518629484499,-0.2207616012847322,0.2207616012847322
anp_ethanol_mt_net_l,12,B_plus_gasoline,2025-11-14,2026-02-06,3.873328082191781,3.71297800659788,-0.1603500755939007,0.1603500755939007
anp_ethanol_mt_net_l,12,B_plus_gasoline,2025-12-12,2026-03-06,3.9378700000000006,3.889463746221378,-0.04840625377862251,0.04840625377862251
anp_ethanol_mt_net_l,12,B_plus_gasoline,2026-01-09,2026-04-03,3.957551541189931,3.9025310992786966,-0.05502044191123456,0.05502044191123456
anp_ethanol_mt_net_l,12,B_plus_gasoline,2026-02-06,2026-05-01,3.8623858795180728,3.957945768377074,0.09555988885900124,0.09555988885900124
anp_ethanol_mt_net_l,12,B_plus_gasoline,2026-03-06,2026-05-29,3.3720097931034485,3.955158267096636,0.5831484739931874,0.5831484739931874
anp_ethanol_mt_net_l,12,B_plus_gasoline,2026-04-03,2026-06-26,3.2395272093023255,3.8337354561305843,0.5942082468282588,0.5942082468282588
anp_ethanol_mt_net_l,12,B_plus_gasoline,2026-05-01,2026-07-24,3.1664301927710845,3.7208994092554732,0.5544692164843887,0.5544692164843887
anp_ethanol_mt_net_l,12,B_plus_gasoline,2026-05-29,2026-08-21,3.0987565,3.364687313576169,0.2659308135761691,0.2659308135761691
anp_ethanol_mt_net_l,12,B_plus_gasoline,2026-06-26,2026-09-18,3.4012503294117646,3.1994880297004804,-0.20176229971128423,0.20176229971128423
anp_ethanol_mt_net_l,12,C_plus_brent,2024-09-20,2024-12-13,3.515244285714286,3.2973089000612874,-0.21793538565299864,0.21793538565299864
anp_ethanol_mt_net_l,12,C_plus_brent,2024-10-18,2025-01-10,3.4166598421052634,3.5077766656803178,0.09111682357505435,0.09111682357505435
anp_ethanol_mt_net_l,12,C_plus_brent,2024-11-15,2025-02-07,3.6607532972972976,3.5680227672871148,-0.09273053001018283,0.09273053001018283
anp_ethanol_mt_net_l,12,C_plus_brent,2024-12-13,2025-03-07,3.687158631578948,3.8987400493833495,0.21158141780440154,0.21158141780440154
anp_ethanol_mt_net_l,12,C_plus_brent,2025-01-10,2025-04-04,3.472572342105263,3.8677690071129196,0.3951966650076564,0.3951966650076564
anp_ethanol_mt_net_l,12,C_plus_brent,2025-02-07,2025-05-02,3.5275703421052627,3.8095805149165622,0.2820101728112996,0.2820101728112996
anp_ethanol_mt_net_l,12,C_plus_brent,2025-03-07,2025-05-30,3.37531972972973,3.7722899628946256,0.39697023316489544,0.39697023316489544
anp_ethanol_mt_net_l,12,C_plus_brent,2025-04-04,2025-06-27,3.2962564324324326,3.628373135133878,0.33211670270144555,0.33211670270144555
anp_ethanol_mt_net_l,12,C_plus_brent,2025-05-02,2025-07-25,3.3666466000000006,3.3627686696374615,-0.0038779303625391393,0.0038779303625391393
anp_ethanol_mt_net_l,12,C_plus_brent,2025-05-30,2025-08-22,3.488236260869565,3.389786374630062,-0.09844988623950313,0.09844988623950313
anp_ethanol_mt_net_l,12,C_plus_brent,2025-06-27,2025-09-19,3.6453784,3.3950901112496705,-0.25028828875032927,0.25028828875032927
anp_ethanol_mt_net_l,12,C_plus_brent,2025-07-25,2025-10-17,3.6835229411764714,3.175965092103833,-0.5075578490726382,0.5075578490726382
anp_ethanol_mt_net_l,12,C_plus_brent,2025-08-22,2025-11-14,3.7082560000000004,3.4845787282018628,-0.22367727179813768,0.22367727179813768
anp_ethanol_mt_net_l,12,C_plus_brent,2025-09-19,2025-12-12,3.778527478260869,3.6865329925215597,-0.09199448573930935,0.09199448573930935
anp_ethanol_mt_net_l,12,C_plus_brent,2025-10-17,2026-01-09,3.8762802307692312,3.7362745571971194,-0.1400056735721118,0.1400056735721118
anp_ethanol_mt_net_l,12,C_plus_brent,2025-11-14,2026-02-06,3.873328082191781,3.750846058173006,-0.12248202401877473,0.12248202401877473
anp_ethanol_mt_net_l,12,C_plus_brent,2025-12-12,2026-03-06,3.9378700000000006,3.891338656189054,-0.0465313438109467,0.0465313438109467
anp_ethanol_mt_net_l,12,C_plus_brent,2026-01-09,2026-04-03,3.957551541189931,3.9201565149926205,-0.03739502619731061,0.03739502619731061
anp_ethanol_mt_net_l,12,C_plus_brent,2026-02-06,2026-05-01,3.8623858795180728,3.966592269652151,0.1042063901340784,0.1042063901340784
anp_ethanol_mt_net_l,12,C_plus_brent,2026-03-06,2026-05-29,3.3720097931034485,3.787941668553155,0.41593187544970656,0.41593187544970656
anp_ethanol_mt_net_l,12,C_plus_brent,2026-04-03,2026-06-26,3.2395272093023255,3.3444014297981086,0.1048742204957831,0.1048742204957831
anp_ethanol_mt_net_l,12,C_plus_brent,2026-05-01,2026-07-24,3.1664301927710845,3.080477361002548,-0.08595283176853652,0.08595283176853652
anp_ethanol_mt_net_l,12,C_plus_brent,2026-05-29,2026-08-21,3.0987565,2.980079798661584,-0.11867670133841601,0.11867670133841601
anp_ethanol_mt_net_l,12,C_plus_brent,2026-06-26,2026-09-18,3.4012503294117646,3.2373360977280625,-0.16391423168370212,0.16391423168370212
anp_ethanol_mt_net_l,12,D_plus_usd_brl,2024-09-20,2024-12-13,3.515244285714286,3.2990158591145855,-0.21622842659970054,0.21622842659970054
anp_ethanol_mt_net_l,12,D_plus_usd_brl,2024-10-18,2025-01-10,3.4166598421052634,3.5227958568118383,0.10613601470657485,0.10613601470657485
anp_ethanol_mt_net_l,12,D_plus_usd_brl,2024-11-15,2025-02-07,3.6607532972972976,3.574980724217587,-0.08577257307971076,0.08577257307971076
anp_ethanol_mt_net_l,12,D_plus_usd_brl,2024-12-13,2025-03-07,3.687158631578948,3.9070737287426196,0.21991509716367164,0.21991509716367164
anp_ethanol_mt_net_l,12,D_plus_usd_brl,2025-01-10,2025-04-04,3.472572342105263,3.9342681754380258,0.46169583333276254,0.46169583333276254
anp_ethanol_mt_net_l,12,D_plus_usd_brl,2025-02-07,2025-05-02,3.5275703421052627,3.753149843352347,0.22557950124708448,0.22557950124708448
anp_ethanol_mt_net_l,12,D_plus_usd_brl,2025-03-07,2025-05-30,3.37531972972973,3.6788157975955356,0.3034960678658054,0.3034960678658054
anp_ethanol_mt_net_l,12,D_plus_usd_brl,2025-04-04,2025-06-27,3.2962564324324326,3.5701551985055935,0.2738987660731609,0.2738987660731609
anp_ethanol_mt_net_l,12,D_plus_usd_brl,2025-05-02,2025-07-25,3.3666466000000006,3.3646174602971763,-0.0020291397028242564,0.0020291397028242564
anp_ethanol_mt_net_l,12,D_plus_usd_brl,2025-05-30,2025-08-22,3.488236260869565,3.4107633215446693,-0.07747293932489585,0.07747293932489585
anp_ethanol_mt_net_l,12,D_plus_usd_brl,2025-06-27,2025-09-19,3.6453784,3.3700427204389145,-0.2753356795610853,0.2753356795610853
anp_ethanol_mt_net_l,12,D_plus_usd_brl,2025-07-25,2025-10-17,3.6835229411764714,3.2719852152499964,-0.411537725926475,0.411537725926475
anp_ethanol_mt_net_l,12,D_plus_usd_brl,2025-08-22,2025-11-14,3.7082560000000004,3.4326144097505127,-0.27564159024948776,0.27564159024948776
anp_ethanol_mt_net_l,12,D_plus_usd_brl,2025-09-19,2025-12-12,3.778527478260869,3.544044809848125,-0.23448266841274412,0.23448266841274412
anp_ethanol_mt_net_l,12,D_plus_usd_brl,2025-10-17,2026-01-09,3.8762802307692312,3.5886854220055873,-0.28759480876364396,0.28759480876364396
anp_ethanol_mt_net_l,12,D_plus_usd_brl,2025-11-14,2026-02-06,3.873328082191781,3.6552576268638957,-0.21807045532788516,0.21807045532788516
anp_ethanol_mt_net_l,12,D_plus_usd_brl,2025-12-12,2026-03-06,3.9378700000000006,3.800629541801473,-0.13724045819852781,0.13724045819852781
anp_ethanol_mt_net_l,12,D_plus_usd_brl,2026-01-09,2026-04-03,3.957551541189931,3.891792477220613,-0.06575906396931819,0.06575906396931819
anp_ethanol_mt_net_l,12,D_plus_usd_brl,2026-02-06,2026-05-01,3.8623858795180728,3.8696373416860848,0.0072514621680119795,0.0072514621680119795
anp_ethanol_mt_net_l,12,D_plus_usd_brl,2026-03-06,2026-05-29,3.3720097931034485,3.685770690456492,0.3137608973530437,0.3137608973530437
anp_ethanol_mt_net_l,12,D_plus_usd_brl,2026-04-03,2026-06-26,3.2395272093023255,3.371343531160841,0.13181632185851555,0.13181632185851555
anp_ethanol_mt_net_l,12,D_plus_usd_brl,2026-05-01,2026-07-24,3.1664301927710845,2.989152357828738,-0.1772778349423465,0.1772778349423465
anp_ethanol_mt_net_l,12,D_plus_usd_brl,2026-05-29,2026-08-21,3.0987565,2.9820978969567724,-0.1166586030432275,0.1166586030432275
anp_ethanol_mt_net_l,12,D_plus_usd_brl,2026-06-26,2026-09-18,3.4012503294117646,3.232377346564473,-0.16887298284729146,0.16887298284729146
anp_ethanol_mt_net_l,26,A_target_seasonality,2024-09-20,2025-03-21,3.5763224000000005,3.3362769967744406,-0.2400454032255599,0.2400454032255599
anp_ethanol_mt_net_l,26,A_target_seasonality,2024-10-18,2025-04-18,3.5042364736842107,3.4473318669348236,-0.05690460674938702,0.05690460674938702
anp_ethanol_mt_net_l,26,A_target_seasonality,2024-11-15,2025-05-16,3.4142980000000005,3.5562142785121007,0.1419162785121002,0.1419162785121002
anp_ethanol_mt_net_l,26,A_target_seasonality,2024-12-13,2025-06-13,3.308822909090909,3.6905289236722387,0.3817060145813298,0.3817060145813298
anp_ethanol_mt_net_l,26,A_target_seasonality,2025-01-10,2025-07-11,3.267578363636364,3.564103883121401,0.29652551948503714,0.29652551948503714
anp_ethanol_mt_net_l,26,A_target_seasonality,2025-02-07,2025-08-08,3.3631420000000003,3.430669517074047,0.0675275170740468,0.0675275170740468
anp_ethanol_mt_net_l,26,A_target_seasonality,2025-03-07,2025-09-05,3.5840344000000006,3.4884543392868106,-0.09558006071319003,0.09558006071319003
anp_ethanol_mt_net_l,26,A_target_seasonality,2025-04-04,2025-10-03,3.664804,3.418393757000183,-0.24641024299981718,0.24641024299981718
anp_ethanol_mt_net_l,26,A_target_seasonality,2025-05-02,2025-10-31,3.659998,3.304931361535353,-0.3550666384646468,0.3550666384646468
anp_ethanol_mt_net_l,26,A_target_seasonality,2025-05-30,2025-11-28,3.7470220000000003,3.414170824232601,-0.3328511757673991,0.3328511757673991
anp_ethanol_mt_net_l,26,A_target_seasonality,2025-06-27,2025-12-26,3.7769929873417722,3.3928189576845442,-0.384174029657228,0.384174029657228
anp_ethanol_mt_net_l,26,A_target_seasonality,2025-07-25,2026-01-23,3.8561800000000006,3.295208387931002,-0.5609716120689985,0.5609716120689985
anp_ethanol_mt_net_l,26,A_target_seasonality,2025-08-22,2026-02-20,3.9479390909090912,3.341781573861549,-0.6061575170475422,0.6061575170475422
anp_ethanol_mt_net_l,26,A_target_seasonality,2025-09-19,2026-03-20,3.97568176,3.43849841707978,-0.53718334292022,0.53718334292022
anp_ethanol_mt_net_l,26,A_target_seasonality,2025-10-17,2026-04-17,3.9650750153846164,3.5402619845226795,-0.4248130308619369,0.4248130308619369
anp_ethanol_mt_net_l,26,A_target_seasonality,2025-11-14,2026-05-15,3.65803912,3.5289132902413405,-0.12912582975865972,0.12912582975865972
anp_ethanol_mt_net_l,26,A_target_seasonality,2025-12-12,2026-06-12,3.2778895,3.4654992140131324,0.1876097140131323,0.1876097140131323
anp_ethanol_mt_net_l,26,A_target_seasonality,2026-01-09,2026-07-10,3.1859025454545455,3.4746881043017064,0.28878555884716084,0.28878555884716084
anp_ethanol_mt_net_l,26,A_target_seasonality,2026-02-06,2026-08-07,3.1245571111111112,3.37091776692416,0.2463606558130489,0.2463606558130489
anp_ethanol_mt_net_l,26,A_target_seasonality,2026-03-06,2026-09-04,3.2287663750000006,3.373068555403028,0.14430218040302734,0.14430218040302734
anp_ethanol_mt_net_l,26,A_target_seasonality,2026-04-03,2026-10-02,3.5156933500000003,3.5609234414493756,0.04523009144937529,0.04523009144937529
anp_ethanol_mt_net_l,26,B_plus_gasoline,2024-09-20,2025-03-21,3.5763224000000005,3.570731208515507,-0.005591191484493496,0.005591191484493496
anp_ethanol_mt_net_l,26,B_plus_gasoline,2024-10-18,2025-04-18,3.5042364736842107,3.672849215566136,0.1686127418819252,0.1686127418819252
anp_ethanol_mt_net_l,26,B_plus_gasoline,2024-11-15,2025-05-16,3.4142980000000005,3.660283318964225,0.2459853189642245,0.2459853189642245
anp_ethanol_mt_net_l,26,B_plus_gasoline,2024-12-13,2025-06-13,3.308822909090909,3.804218928811695,0.4953960197207863,0.4953960197207863
anp_ethanol_mt_net_l,26,B_plus_gasoline,2025-01-10,2025-07-11,3.267578363636364,3.638361794916496,0.3707834312801319,0.3707834312801319
anp_ethanol_mt_net_l,26,B_plus_gasoline,2025-02-07,2025-08-08,3.3631420000000003,3.4630026648393293,0.09986066483932898,0.09986066483932898
anp_ethanol_mt_net_l,26,B_plus_gasoline,2025-03-07,2025-09-05,3.5840344000000006,3.53580700486957,-0.04822739513043084,0.04822739513043084
anp_ethanol_mt_net_l,26,B_plus_gasoline,2025-04-04,2025-10-03,3.664804,3.470372460320939,-0.19443153967906124,0.19443153967906124
anp_ethanol_mt_net_l,26,B_plus_gasoline,2025-05-02,2025-10-31,3.659998,3.4107542513506814,-0.24924374864931842,0.24924374864931842
anp_ethanol_mt_net_l,26,B_plus_gasoline,2025-05-30,2025-11-28,3.7470220000000003,3.4491079591737943,-0.297914040826206,0.297914040826206
anp_ethanol_mt_net_l,26,B_plus_gasoline,2025-06-27,2025-12-26,3.7769929873417722,3.446496907917988,-0.3304960794237841,0.3304960794237841
anp_ethanol_mt_net_l,26,B_plus_gasoline,2025-07-25,2026-01-23,3.8561800000000006,3.3971949079283146,-0.45898509207168603,0.45898509207168603
anp_ethanol_mt_net_l,26,B_plus_gasoline,2025-08-22,2026-02-20,3.9479390909090912,3.380945063092586,-0.5669940278165053,0.5669940278165053
anp_ethanol_mt_net_l,26,B_plus_gasoline,2025-09-19,2026-03-20,3.97568176,3.5942562416797896,-0.38142551832021043,0.38142551832021043
anp_ethanol_mt_net_l,26,B_plus_gasoline,2025-10-17,2026-04-17,3.9650750153846164,3.674416835329766,-0.2906581800548502,0.2906581800548502
anp_ethanol_mt_net_l,26,B_plus_gasoline,2025-11-14,2026-05-15,3.65803912,3.7159203775573557,0.057881257557355514,0.057881257557355514
anp_ethanol_mt_net_l,26,B_plus_gasoline,2025-12-12,2026-06-12,3.2778895,3.738232377116843,0.46034287711684296,0.46034287711684296
anp_ethanol_mt_net_l,26,B_plus_gasoline,2026-01-09,2026-07-10,3.1859025454545455,3.605485876390783,0.41958333093623734,0.41958333093623734
anp_ethanol_mt_net_l,26,B_plus_gasoline,2026-02-06,2026-08-07,3.1245571111111112,3.523677389637145,0.3991202785260337,0.3991202785260337
anp_ethanol_mt_net_l,26,B_plus_gasoline,2026-03-06,2026-09-04,3.2287663750000006,3.486588242598482,0.25782186759848136,0.25782186759848136
anp_ethanol_mt_net_l,26,B_plus_gasoline,2026-04-03,2026-10-02,3.5156933500000003,3.5672452974400755,0.051551947440075185,0.051551947440075185
anp_ethanol_mt_net_l,26,C_plus_brent,2024-09-20,2025-03-21,3.5763224000000005,3.665909864852119,0.08958746485211844,0.08958746485211844
anp_ethanol_mt_net_l,26,C_plus_brent,2024-10-18,2025-04-18,3.5042364736842107,3.6384804855673805,0.1342440118831698,0.1342440118831698
anp_ethanol_mt_net_l,26,C_plus_brent,2024-11-15,2025-05-16,3.4142980000000005,3.670358845131187,0.25606084513118654,0.25606084513118654
anp_ethanol_mt_net_l,26,C_plus_brent,2024-12-13,2025-06-13,3.308822909090909,3.7846156860184417,0.47579277692753275,0.47579277692753275
anp_ethanol_mt_net_l,26,C_plus_brent,2025-01-10,2025-07-11,3.267578363636364,3.6156218606376305,0.34804349700126647,0.34804349700126647
anp_ethanol_mt_net_l,26,C_plus_brent,2025-02-07,2025-08-08,3.3631420000000003,3.4616754416101703,0.09853344161016997,0.09853344161016997
anp_ethanol_mt_net_l,26,C_plus_brent,2025-03-07,2025-09-05,3.5840344000000006,3.5719128518480616,-0.012121548151938999,0.012121548151938999
anp_ethanol_mt_net_l,26,C_plus_brent,2025-04-04,2025-10-03,3.664804,3.4775123624360207,-0.18729163756397949,0.18729163756397949
anp_ethanol_mt_net_l,26,C_plus_brent,2025-05-02,2025-10-31,3.659998,3.4930082594704035,-0.16698974052959636,0.16698974052959636
anp_ethanol_mt_net_l,26,C_plus_brent,2025-05-30,2025-11-28,3.7470220000000003,3.4893155156743454,-0.2577064843256549,0.2577064843256549
anp_ethanol_mt_net_l,26,C_plus_brent,2025-06-27,2025-12-26,3.7769929873417722,3.3135099265799326,-0.46348306076183965,0.46348306076183965
anp_ethanol_mt_net_l,26,C_plus_brent,2025-07-25,2026-01-23,3.8561800000000006,3.470861980901465,-0.38531801909853547,0.38531801909853547
anp_ethanol_mt_net_l,26,C_plus_brent,2025-08-22,2026-02-20,3.9479390909090912,3.4853334633384114,-0.4626056275706798,0.4626056275706798
anp_ethanol_mt_net_l,26,C_plus_brent,2025-09-19,2026-03-20,3.97568176,3.6560267374103748,-0.3196550225896253,0.3196550225896253
anp_ethanol_mt_net_l,26,C_plus_brent,2025-10-17,2026-04-17,3.9650750153846164,3.712789725082193,-0.2522852903024235,0.2522852903024235
anp_ethanol_mt_net_l,26,C_plus_brent,2025-11-14,2026-05-15,3.65803912,3.7332729368875586,0.07523381688755837,0.07523381688755837
anp_ethanol_mt_net_l,26,C_plus_brent,2025-12-12,2026-06-12,3.2778895,3.6902877376912526,0.4123982376912525,0.4123982376912525
anp_ethanol_mt_net_l,26,C_plus_brent,2026-01-09,2026-07-10,3.1859025454545455,3.611211597897961,0.4253090524434153,0.4253090524434153
anp_ethanol_mt_net_l,26,C_plus_brent,2026-02-06,2026-08-07,3.1245571111111112,3.3124301821577644,0.18787307104665318,0.18787307104665318
anp_ethanol_mt_net_l,26,C_plus_brent,2026-03-06,2026-09-04,3.2287663750000006,3.2980934403371873,0.06932706533718669,0.06932706533718669
anp_ethanol_mt_net_l,26,C_plus_brent,2026-04-03,2026-10-02,3.5156933500000003,3.0210013882099607,-0.4946919617900396,0.4946919617900396
anp_ethanol_mt_net_l,26,D_plus_usd_brl,2024-09-20,2025-03-21,3.5763224000000005,3.703728806247578,0.12740640624757749,0.12740640624757749
anp_ethanol_mt_net_l,26,D_plus_usd_brl,2024-10-18,2025-04-18,3.5042364736842107,3.659042489197253,0.15480601551304218,0.15480601551304218
anp_ethanol_mt_net_l,26,D_plus_usd_brl,2024-11-15,2025-05-16,3.4142980000000005,3.6919904407938016,0.27769244079380107,0.27769244079380107
anp_ethanol_mt_net_l,26,D_plus_usd_brl,2024-12-13,2025-06-13,3.308822909090909,3.8003884049771366,0.49156549588622767,0.49156549588622767
anp_ethanol_mt_net_l,26,D_plus_usd_brl,2025-01-10,2025-07-11,3.267578363636364,3.718067536375802,0.450489172739438,0.450489172739438
anp_ethanol_mt_net_l,26,D_plus_usd_brl,2025-02-07,2025-08-08,3.3631420000000003,3.416066315479097,0.052924315479096595,0.052924315479096595
anp_ethanol_mt_net_l,26,D_plus_usd_brl,2025-03-07,2025-09-05,3.5840344000000006,3.4728154720862454,-0.1112189279137552,0.1112189279137552
anp_ethanol_mt_net_l,26,D_plus_usd_brl,2025-04-04,2025-10-03,3.664804,3.427883617998405,-0.23692038200159526,0.23692038200159526
anp_ethanol_mt_net_l,26,D_plus_usd_brl,2025-05-02,2025-10-31,3.659998,3.501256750666138,-0.15874124933386202,0.15874124933386202
anp_ethanol_mt_net_l,26,D_plus_usd_brl,2025-05-30,2025-11-28,3.7470220000000003,3.513480564451312,-0.23354143554868845,0.23354143554868845
anp_ethanol_mt_net_l,26,D_plus_usd_brl,2025-06-27,2025-12-26,3.7769929873417722,3.3233258576333347,-0.4536671297084376,0.4536671297084376
anp_ethanol_mt_net_l,26,D_plus_usd_brl,2025-07-25,2026-01-23,3.8561800000000006,3.5543596894851857,-0.30182031051481495,0.30182031051481495
anp_ethanol_mt_net_l,26,D_plus_usd_brl,2025-08-22,2026-02-20,3.9479390909090912,3.4676311031510028,-0.4803079877580885,0.4803079877580885
anp_ethanol_mt_net_l,26,D_plus_usd_brl,2025-09-19,2026-03-20,3.97568176,3.5098219771986883,-0.4658597828013118,0.4658597828013118
anp_ethanol_mt_net_l,26,D_plus_usd_brl,2025-10-17,2026-04-17,3.9650750153846164,3.591715725650071,-0.37335928973454546,0.37335928973454546
anp_ethanol_mt_net_l,26,D_plus_usd_brl,2025-11-14,2026-05-15,3.65803912,3.6480566796969485,-0.009982440303051732,0.009982440303051732
anp_ethanol_mt_net_l,26,D_plus_usd_brl,2025-12-12,2026-06-12,3.2778895,3.5688681843041636,0.2909786843041635,0.2909786843041635
anp_ethanol_mt_net_l,26,D_plus_usd_brl,2026-01-09,2026-07-10,3.1859025454545455,3.444200948204088,0.2582984027495425,0.2582984027495425
anp_ethanol_mt_net_l,26,D_plus_usd_brl,2026-02-06,2026-08-07,3.1245571111111112,3.221196798816179,0.0966396877050677,0.0966396877050677
anp_ethanol_mt_net_l,26,D_plus_usd_brl,2026-03-06,2026-09-04,3.2287663750000006,3.1017852714416656,-0.12698110355833503,0.12698110355833503
anp_ethanol_mt_net_l,26,D_plus_usd_brl,2026-04-03,2026-10-02,3.5156933500000003,2.997398788699617,-0.5182945613003831,0.5182945613003831
anp_ethanol_mt_net_l,52,A_target_seasonality,2024-09-20,2025-09-19,3.6453784,3.1328489832173227,-0.512529416782677,0.512529416782677
anp_ethanol_mt_net_l,52,A_target_seasonality,2024-10-11,2025-10-10,3.673807223880597,3.1850201111260397,-0.48878711275455755,0.48878711275455755
anp_ethanol_mt_net_l,52,A_target_seasonality,2024-11-01,2025-10-31,3.659998,3.319619395138862,-0.3403786048611379,0.3403786048611379
anp_ethanol_mt_net_l,52,A_target_seasonality,2024-11-22,2025-11-21,3.741367818181818,3.3999023128067063,-0.3414655053751119,0.3414655053751119
anp_ethanol_mt_net_l,52,A_target_seasonality,2024-12-13,2025-12-12,3.778527478260869,3.331357397941939,-0.44717008031893,0.44717008031893
anp_ethanol_mt_net_l,52,A_target_seasonality,2025-01-03,2026-01-02,3.8125067200000005,3.4867175812542417,-0.32578913874575877,0.32578913874575877
anp_ethanol_mt_net_l,52,A_target_seasonality,2025-01-24,2026-01-23,3.8561800000000006,3.5973574142370848,-0.25882258576291584,0.25882258576291584
anp_ethanol_mt_net_l,52,A_target_seasonality,2025-02-14,2026-02-13,3.950843636363637,3.5977884096718302,-0.35305522669180656,0.35305522669180656
anp_ethanol_mt_net_l,52,A_target_seasonality,2025-03-07,2026-03-06,3.9378700000000006,3.6994148425018416,-0.23845515749815904,0.23845515749815904
anp_ethanol_mt_net_l,52,A_target_seasonality,2025-03-28,2026-03-27,3.9411151176470587,3.696732355447869,-0.24438276219918986,0.24438276219918986
anp_ethanol_mt_net_l,52,A_target_seasonality,2025-04-18,2026-04-17,3.9650750153846164,3.6279847011577666,-0.33709031422684976,0.33709031422684976
anp_ethanol_mt_net_l,52,A_target_seasonality,2025-05-09,2026-05-08,3.7745616470588232,3.6277555470072698,-0.14680610005155348,0.14680610005155348
anp_ethanol_mt_net_l,52,A_target_seasonality,2025-05-30,2026-05-29,3.3720097931034485,3.6251288560793267,0.25311906297587816,0.25311906297587816
anp_ethanol_mt_net_l,52,A_target_seasonality,2025-06-20,2026-06-19,3.266884072289157,3.4955767839199336,0.22869271163077665,0.22869271163077665
anp_ethanol_mt_net_l,52,A_target_seasonality,2025-07-11,2026-07-10,3.1859025454545455,3.3119159496160426,0.1260134041614971,0.1260134041614971
anp_ethanol_mt_net_l,52,A_target_seasonality,2025-08-01,2026-07-31,3.159015777777778,3.335870538405461,0.17685476062768313,0.17685476062768313
anp_ethanol_mt_net_l,52,A_target_seasonality,2025-08-22,2026-08-21,3.0987565,3.262634199522226,0.1638776995222262,0.1638776995222262
anp_ethanol_mt_net_l,52,A_target_seasonality,2025-09-12,2026-09-11,3.2422860869565215,3.249436737566507,0.007150650609985654,0.007150650609985654
anp_ethanol_mt_net_l,52,A_target_seasonality,2025-10-03,2026-10-02,3.5156933500000003,3.3767674517566046,-0.13892589824339563,0.13892589824339563
anp_ethanol_mt_net_l,52,B_plus_gasoline,2024-09-20,2025-09-19,3.6453784,3.299187653262749,-0.3461907467372507,0.3461907467372507
anp_ethanol_mt_net_l,52,B_plus_gasoline,2024-10-11,2025-10-10,3.673807223880597,3.3374446073602324,-0.3363626165203648,0.3363626165203648
anp_ethanol_mt_net_l,52,B_plus_gasoline,2024-11-01,2025-10-31,3.659998,3.458303073599741,-0.201694926400259,0.201694926400259
anp_ethanol_mt_net_l,52,B_plus_gasoline,2024-11-22,2025-11-21,3.741367818181818,3.5053076885131347,-0.2360601296686835,0.2360601296686835
anp_ethanol_mt_net_l,52,B_plus_gasoline,2024-12-13,2025-12-12,3.778527478260869,3.4775672319893376,-0.3009602462715315,0.3009602462715315
anp_ethanol_mt_net_l,52,B_plus_gasoline,2025-01-03,2026-01-02,3.8125067200000005,3.5851775380478017,-0.22732918195219876,0.22732918195219876
anp_ethanol_mt_net_l,52,B_plus_gasoline,2025-01-24,2026-01-23,3.8561800000000006,3.657372765848026,-0.19880723415197465,0.19880723415197465
anp_ethanol_mt_net_l,52,B_plus_gasoline,2025-02-14,2026-02-13,3.950843636363637,3.7058114438344996,-0.24503219252913722,0.24503219252913722
anp_ethanol_mt_net_l,52,B_plus_gasoline,2025-03-07,2026-03-06,3.9378700000000006,3.8080617422109224,-0.12980825778907823,0.12980825778907823
anp_ethanol_mt_net_l,52,B_plus_gasoline,2025-03-28,2026-03-27,3.9411151176470587,3.8371050361112404,-0.10401008153581826,0.10401008153581826
anp_ethanol_mt_net_l,52,B_plus_gasoline,2025-04-18,2026-04-17,3.9650750153846164,3.7782995105289316,-0.18677550485568473,0.18677550485568473
anp_ethanol_mt_net_l,52,B_plus_gasoline,2025-05-09,2026-05-08,3.7745616470588232,3.71265831637217,-0.06190333068665321,0.06190333068665321
anp_ethanol_mt_net_l,52,B_plus_gasoline,2025-05-30,2026-05-29,3.3720097931034485,3.675516168254967,0.30350637515151835,0.30350637515151835
anp_ethanol_mt_net_l,52,B_plus_gasoline,2025-06-20,2026-06-19,3.266884072289157,3.5503166931822725,0.2834326208931155,0.2834326208931155
anp_ethanol_mt_net_l,52,B_plus_gasoline,2025-07-11,2026-07-10,3.1859025454545455,3.4809631186711942,0.2950605732166487,0.2950605732166487
anp_ethanol_mt_net_l,52,B_plus_gasoline,2025-08-01,2026-07-31,3.159015777777778,3.4211282689475384,0.26211249116976054,0.26211249116976054
anp_ethanol_mt_net_l,52,B_plus_gasoline,2025-08-22,2026-08-21,3.0987565,3.3762775830650495,0.27752108306504963,0.27752108306504963
anp_ethanol_mt_net_l,52,B_plus_gasoline,2025-09-12,2026-09-11,3.2422860869565215,3.372004309819169,0.12971822286264745,0.12971822286264745
anp_ethanol_mt_net_l,52,B_plus_gasoline,2025-10-03,2026-10-02,3.5156933500000003,3.468031725257564,-0.04766162474243618,0.04766162474243618
anp_ethanol_mt_net_l,52,C_plus_brent,2024-09-20,2025-09-19,3.6453784,3.435574609696739,-0.20980379030326102,0.20980379030326102
anp_ethanol_mt_net_l,52,C_plus_brent,2024-10-11,2025-10-10,3.673807223880597,3.479304870371392,-0.19450235350920542,0.19450235350920542
anp_ethanol_mt_net_l,52,C_plus_brent,2024-11-01,2025-10-31,3.659998,3.6308847620112332,-0.029113237988766638,0.029113237988766638
anp_ethanol_mt_net_l,52,C_plus_brent,2024-11-22,2025-11-21,3.741367818181818,3.652188885316293,-0.08917893286552525,0.08917893286552525
anp_ethanol_mt_net_l,52,C_plus_brent,2024-12-13,2025-12-12,3.778527478260869,3.505127512678605,-0.2733999655822643,0.2733999655822643
anp_ethanol_mt_net_l,52,C_plus_brent,2025-01-03,2026-01-02,3.8125067200000005,3.619032441504652,-0.19347427849534826,0.19347427849534826
anp_ethanol_mt_net_l,52,C_plus_brent,2025-01-24,2026-01-23,3.8561800000000006,3.577944941777117,-0.2782350582228834,0.2782350582228834
anp_ethanol_mt_net_l,52,C_plus_brent,2025-02-14,2026-02-13,3.950843636363637,3.632681462922337,-0.3181621734412996,0.3181621734412996
anp_ethanol_mt_net_l,52,C_plus_brent,2025-03-07,2026-03-06,3.9378700000000006,3.78077446777577,-0.15709553222423045,0.15709553222423045
anp_ethanol_mt_net_l,52,C_plus_brent,2025-03-28,2026-03-27,3.9411151176470587,3.8212428919117754,-0.11987222573528333,0.11987222573528333
anp_ethanol_mt_net_l,52,C_plus_brent,2025-04-18,2026-04-17,3.9650750153846164,3.889786508184623,-0.07528850719999358,0.07528850719999358
anp_ethanol_mt_net_l,52,C_plus_brent,2025-05-09,2026-05-08,3.7745616470588232,3.8178385547348004,0.04327690767597714,0.04327690767597714
anp_ethanol_mt_net_l,52,C_plus_brent,2025-05-30,2026-05-29,3.3720097931034485,3.8019193560044107,0.42990956290096216,0.42990956290096216
anp_ethanol_mt_net_l,52,C_plus_brent,2025-06-20,2026-06-19,3.266884072289157,3.6183536468109296,0.35146957452177263,0.35146957452177263
anp_ethanol_mt_net_l,52,C_plus_brent,2025-07-11,2026-07-10,3.1859025454545455,3.5256416747252124,0.33973912927066685,0.33973912927066685
anp_ethanol_mt_net_l,52,C_plus_brent,2025-08-01,2026-07-31,3.159015777777778,3.4708621987308903,0.31184642095311244,0.31184642095311244
anp_ethanol_mt_net_l,52,C_plus_brent,2025-08-22,2026-08-21,3.0987565,3.428909539569191,0.3301530395691912,0.3301530395691912
anp_ethanol_mt_net_l,52,C_plus_brent,2025-09-12,2026-09-11,3.2422860869565215,3.403160572839797,0.16087448588327558,0.16087448588327558
anp_ethanol_mt_net_l,52,C_plus_brent,2025-10-03,2026-10-02,3.5156933500000003,3.4743991261856584,-0.04129422381434189,0.04129422381434189
anp_ethanol_mt_net_l,52,D_plus_usd_brl,2024-09-20,2025-09-19,3.6453784,3.3989500681196385,-0.24642833188036128,0.24642833188036128
anp_ethanol_mt_net_l,52,D_plus_usd_brl,2024-10-11,2025-10-10,3.673807223880597,3.5117212785930536,-0.1620859452875436,0.1620859452875436
anp_ethanol_mt_net_l,52,D_plus_usd_brl,2024-11-01,2025-10-31,3.659998,3.557967515797619,-0.10203048420238092,0.10203048420238092
anp_ethanol_mt_net_l,52,D_plus_usd_brl,2024-11-22,2025-11-21,3.741367818181818,3.63921708713588,-0.10215073104593797,0.10215073104593797
anp_ethanol_mt_net_l,52,D_plus_usd_brl,2024-12-13,2025-12-12,3.778527478260869,3.479067516109095,-0.29945996215177395,0.29945996215177395
anp_ethanol_mt_net_l,52,D_plus_usd_brl,2025-01-03,2026-01-02,3.8125067200000005,3.6115392048815873,-0.20096751511841315,0.20096751511841315
anp_ethanol_mt_net_l,52,D_plus_usd_brl,2025-01-24,2026-01-23,3.8561800000000006,3.6259061324470125,-0.23027386755298807,0.23027386755298807
anp_ethanol_mt_net_l,52,D_plus_usd_brl,2025-02-14,2026-02-13,3.950843636363637,3.7129648008657394,-0.23787883549789735,0.23787883549789735
anp_ethanol_mt_net_l,52,D_plus_usd_brl,2025-03-07,2026-03-06,3.9378700000000006,3.8081888410919893,-0.12968115890801135,0.12968115890801135
anp_ethanol_mt_net_l,52,D_plus_usd_brl,2025-03-28,2026-03-27,3.9411151176470587,3.830378243524785,-0.11073687412227384,0.11073687412227384
anp_ethanol_mt_net_l,52,D_plus_usd_brl,2025-04-18,2026-04-17,3.9650750153846164,3.8329728188392433,-0.13210219654537303,0.13210219654537303
anp_ethanol_mt_net_l,52,D_plus_usd_brl,2025-05-09,2026-05-08,3.7745616470588232,3.8400420428966595,0.06548039583783627,0.06548039583783627
anp_ethanol_mt_net_l,52,D_plus_usd_brl,2025-05-30,2026-05-29,3.3720097931034485,3.8042791070564848,0.43226931395303625,0.43226931395303625
anp_ethanol_mt_net_l,52,D_plus_usd_brl,2025-06-20,2026-06-19,3.266884072289157,3.6343866979051915,0.36750262561603453,0.36750262561603453
anp_ethanol_mt_net_l,52,D_plus_usd_brl,2025-07-11,2026-07-10,3.1859025454545455,3.547274806722742,0.36137226126819666,0.36137226126819666
anp_ethanol_mt_net_l,52,D_plus_usd_brl,2025-08-01,2026-07-31,3.159015777777778,3.455459392808392,0.296443615030614,0.296443615030614
anp_ethanol_mt_net_l,52,D_plus_usd_brl,2025-08-22,2026-08-21,3.0987565,3.4647005781214597,0.3659440781214598,0.3659440781214598
anp_ethanol_mt_net_l,52,D_plus_usd_brl,2025-09-12,2026-09-11,3.2422860869565215,3.4306434180130836,0.18835733105656205,0.18835733105656205
anp_ethanol_mt_net_l,52,D_plus_usd_brl,2025-10-03,2026-10-02,3.5156933500000003,3.530273249230289,0.014579899230288795,0.014579899230288795
