target,horizon_weeks,model,n,mae,rmse,smape,directional_accuracy,first_test_date,last_test_date
anp_ethanol_mt_net_l,4,A_target_seasonality,21,0.14830597432265685,0.18835341366269004,0.042396974814691825,0.75,2024-09-20,2026-08-21
anp_ethanol_mt_net_l,4,B_plus_gasoline,21,0.1397498392136175,0.18818974179964001,0.039706928916649675,0.75,2024-09-20,2026-08-21
anp_ethanol_mt_net_l,4,C_plus_brent,21,0.11578791229307359,0.14389499298156244,0.033104362993962945,0.75,2024-09-20,2026-08-21
anp_ethanol_mt_net_l,4,D_plus_usd_brl,21,0.11694891548635981,0.14858209080005658,0.033106160694064815,0.75,2024-09-20,2026-08-21
anp_ethanol_mt_net_l,12,A_target_seasonality,24,0.2808977986766392,0.31182547696846263,0.07971208867378796,0.5217391304347826,2024-09-20,2026-06-26
anp_ethanol_mt_net_l,12,B_plus_gasoline,24,0.2631390140033038,0.31261740198930416,0.0741536138584709,0.6086956521739131,2024-09-20,2026-06-26
anp_ethanol_mt_net_l,12,C_plus_brent,24,0.18897808171498978,0.2311732487410061,0.053329034903352335,0.7391304347826086,2024-09-20,2026-06-26
anp_ethanol_mt_net_l,12,D_plus_usd_brl,24,0.19973020465490832,0.23002824164114852,0.0564179302286022,0.6956521739130435,2024-09-20,2026-06-26
anp_ethanol_mt_net_l,26,A_target_seasonality,21,0.27472604859108823,0.31948403579636225,0.07775863451650825,0.55,2024-09-20,2026-04-03
anp_ethanol_mt_net_l,26,B_plus_gasoline,21,0.2786145975865694,0.3210052840523394,0.07842499223662087,0.45,2024-09-20,2026-04-03
anp_ethanol_mt_net_l,26,C_plus_brent,21,0.26545484159503924,0.3057325540192614,0.075106122231779,0.45,2024-09-20,2026-04-03
anp_ethanol_mt_net_l,26,D_plus_usd_brl,21,0.2700712010426105,0.3118711898084722,0.07636647403604366,0.45,2024-09-20,2026-04-03
anp_ethanol_mt_net_l,52,A_target_seasonality,19,0.2699666417389522,0.2985307922111655,0.0761647229160946,0.6111111111111112,2024-09-20,2025-10-03
anp_ethanol_mt_net_l,52,B_plus_gasoline,19,0.21968144422104285,0.2364128248834803,0.06210028801078327,0.7222222222222222,2024-09-20,2025-10-03
anp_ethanol_mt_net_l,52,C_plus_brent,19,0.20772049474512438,0.23904100311857404,0.05855060287167708,0.7222222222222222,2024-09-20,2025-10-03
anp_ethanol_mt_net_l,52,D_plus_usd_brl,19,0.21293396960142022,0.24152244071326218,0.060023133958635747,0.6666666666666666,2024-09-20,2025-10-03
