date,target,scenario,forecast,brent_usd_bbl,usd_brl,gasoline_estimated_net_l
2026-09-11,anp_ethanol_mt_net_l,base,3.255856047026124,99.09,5.13748,6.0279246592677955
2026-09-18,anp_ethanol_mt_net_l,base,3.266763110398409,99.09,5.13748,5.985816215125862
2026-09-25,anp_ethanol_mt_net_l,base,3.2806466409151342,99.09,5.13748,5.982344112063847
2026-10-02,anp_ethanol_mt_net_l,base,3.3111193166391484,99.09,5.13748,5.949113097419832
2026-10-09,anp_ethanol_mt_net_l,base,3.2999289354510575,99.09,5.13748,5.917413326991718
2026-10-16,anp_ethanol_mt_net_l,base,3.3072738436921774,99.09,5.13748,5.889969306512815
2026-10-23,anp_ethanol_mt_net_l,base,3.3116256521588996,99.09,5.13748,5.866760021910311
2026-10-30,anp_ethanol_mt_net_l,base,3.31689783956566,99.09,5.13748,5.845448979224798
2026-11-06,anp_ethanol_mt_net_l,base,3.3253885162259587,99.09,5.13748,5.8196896442370285
2026-11-13,anp_ethanol_mt_net_l,base,3.334673105922878,99.09,5.13748,5.796484679015561
2026-11-20,anp_ethanol_mt_net_l,base,3.345076166878969,99.09,5.13748,5.772735619241859
2026-11-27,anp_ethanol_mt_net_l,base,3.3540894111452406,99.09,5.13748,5.74504320166429
2026-12-04,anp_ethanol_mt_net_l,base,3.33022953991588,99.09,5.13748,5.723203783757851
2026-12-11,anp_ethanol_mt_net_l,base,3.3243482694331457,99.09,5.13748,5.702268580417977
2026-12-18,anp_ethanol_mt_net_l,base,3.3172193945914894,99.09,5.13748,5.680456642780528
2026-12-25,anp_ethanol_mt_net_l,base,3.312891499100773,99.09,5.13748,5.658651931917148
2027-01-01,anp_ethanol_mt_net_l,base,3.3081135868081235,99.09,5.13748,5.6462135627845775
2027-01-08,anp_ethanol_mt_net_l,base,3.306738240274125,99.09,5.13748,5.6327776115986845
2027-01-15,anp_ethanol_mt_net_l,base,3.3047762546829045,99.09,5.13748,5.617475543231173
2027-01-22,anp_ethanol_mt_net_l,base,3.301140996710292,99.09,5.13748,5.600882315923915
2027-01-29,anp_ethanol_mt_net_l,base,3.297093287373931,99.09,5.13748,5.583763527376276
2027-02-05,anp_ethanol_mt_net_l,base,3.2930124689932336,99.09,5.13748,5.5792140230058385
2027-02-12,anp_ethanol_mt_net_l,base,3.293231270828284,99.09,5.13748,5.570253064353956
2027-02-19,anp_ethanol_mt_net_l,base,3.2905005821499143,99.09,5.13748,5.558480875443655
2027-02-26,anp_ethanol_mt_net_l,base,3.287221403009811,99.09,5.13748,5.544669366842577
2027-03-05,anp_ethanol_mt_net_l,base,3.2793065025472217,99.09,5.13748,5.544108681146958
2027-03-12,anp_ethanol_mt_net_l,base,3.2737325182103256,99.09,5.13748,5.538709734736792
2027-03-19,anp_ethanol_mt_net_l,base,3.267296334640992,99.09,5.13748,5.530029823060133
2027-03-26,anp_ethanol_mt_net_l,base,3.2576245880593926,99.09,5.13748,5.518899343960108
2027-04-02,anp_ethanol_mt_net_l,base,3.2798673330712904,99.09,5.13748,5.517819983046104
2027-04-09,anp_ethanol_mt_net_l,base,3.283687305347701,99.09,5.13748,5.512680868291376
2027-04-16,anp_ethanol_mt_net_l,base,3.287652664726384,99.09,5.13748,5.5048113367096985
2027-04-23,anp_ethanol_mt_net_l,base,3.2838784949393305,99.09,5.13748,5.495224459254361
2027-04-30,anp_ethanol_mt_net_l,base,3.280108790968731,99.09,5.13748,5.48457599961766
2027-05-07,anp_ethanol_mt_net_l,base,3.2674014896766734,99.09,5.13748,5.477952985117552
2027-05-14,anp_ethanol_mt_net_l,base,3.2511537287889367,99.09,5.13748,5.469344432946918
2027-05-21,anp_ethanol_mt_net_l,base,3.228657752191132,99.09,5.13748,5.45964294026135
2027-05-28,anp_ethanol_mt_net_l,base,3.202299192122285,99.09,5.13748,5.449058195458957
2027-06-04,anp_ethanol_mt_net_l,base,3.175839774316036,99.09,5.13748,5.43605367533582
2027-06-11,anp_ethanol_mt_net_l,base,3.147857039130141,99.09,5.13748,5.423782342292082
2027-06-18,anp_ethanol_mt_net_l,base,3.1209365484459712,99.09,5.13748,5.412235351018336
2027-06-25,anp_ethanol_mt_net_l,base,3.0933369445414467,99.09,5.13748,5.401121590458662
2027-07-02,anp_ethanol_mt_net_l,base,3.062571458393214,99.09,5.13748,5.381475991819729
2027-07-09,anp_ethanol_mt_net_l,base,3.0370264870331662,99.09,5.13748,5.365097408575846
2027-07-16,anp_ethanol_mt_net_l,base,3.0114802700879237,99.09,5.13748,5.35119222537185
2027-07-23,anp_ethanol_mt_net_l,base,2.9865560630114896,99.09,5.13748,5.339263436651462
2027-07-30,anp_ethanol_mt_net_l,base,2.9630177719054376,99.09,5.13748,5.328666752113349
2027-08-06,anp_ethanol_mt_net_l,base,2.9420359346125795,99.09,5.13748,5.306391057020613
2027-08-13,anp_ethanol_mt_net_l,base,2.9209306533464083,99.09,5.13748,5.289420829089654
2027-08-20,anp_ethanol_mt_net_l,base,2.9016269676358815,99.09,5.13748,5.276283419701281
2027-08-27,anp_ethanol_mt_net_l,base,2.8878040273562067,99.09,5.13748,5.266051837308576
2027-09-03,anp_ethanol_mt_net_l,base,2.881524188527148,99.09,5.13748,5.243390661921515
2026-09-11,anp_ethanol_mt_net_l,upside_macro,3.269304150417507,113.95349999999999,5.5484784000000005,6.047673438026935
2026-09-18,anp_ethanol_mt_net_l,upside_macro,3.3328433370863046,113.95349999999999,5.5484784000000005,6.020087779000109
2026-09-25,anp_ethanol_mt_net_l,upside_macro,3.3764800051256034,113.95349999999999,5.5484784000000005,6.031220658637694
2026-10-02,anp_ethanol_mt_net_l,upside_macro,3.437727962321806,113.95349999999999,5.5484784000000005,6.007440030838863
2026-10-09,anp_ethanol_mt_net_l,upside_macro,3.4479871767084362,113.95349999999999,5.5484784000000005,5.946303964961601
2026-10-16,anp_ethanol_mt_net_l,upside_macro,3.4338404989325375,113.95349999999999,5.5484784000000005,5.898935573450482
2026-10-23,anp_ethanol_mt_net_l,upside_macro,3.434569697535041,113.95349999999999,5.5484784000000005,5.860278952645291
2026-10-30,anp_ethanol_mt_net_l,upside_macro,3.434560332136902,113.95349999999999,5.5484784000000005,5.82460291565571
2026-11-06,anp_ethanol_mt_net_l,upside_macro,3.438210248974935,113.95349999999999,5.5484784000000005,5.78281166129729
2026-11-13,anp_ethanol_mt_net_l,upside_macro,3.440773881724238,113.95349999999999,5.5484784000000005,5.743487050698273
2026-11-20,anp_ethanol_mt_net_l,upside_macro,3.44507834732544,113.95349999999999,5.5484784000000005,5.703906177649307
2026-11-27,anp_ethanol_mt_net_l,upside_macro,3.4474721150985994,113.95349999999999,5.5484784000000005,5.660584774337546
2026-12-04,anp_ethanol_mt_net_l,upside_macro,3.4168748040825623,113.95349999999999,5.5484784000000005,5.622493618949518
2026-12-11,anp_ethanol_mt_net_l,upside_macro,3.4045560569660576,113.95349999999999,5.5484784000000005,5.5850201735721345
2026-12-18,anp_ethanol_mt_net_l,upside_macro,3.390797730281291,113.95349999999999,5.5484784000000005,5.54644332533641
2026-12-25,anp_ethanol_mt_net_l,upside_macro,3.3797148966092925,113.95349999999999,5.5484784000000005,5.507825065255282
2027-01-01,anp_ethanol_mt_net_l,upside_macro,3.3680870781927856,113.95349999999999,5.5484784000000005,5.479719260216406
2027-01-08,anp_ethanol_mt_net_l,upside_macro,3.3599471582134797,113.95349999999999,5.5484784000000005,5.451148409918288
2027-01-15,anp_ethanol_mt_net_l,upside_macro,3.3512914438148043,113.95349999999999,5.5484784000000005,5.421029239126831
2027-01-22,anp_ethanol_mt_net_l,upside_macro,3.3410577478254897,113.95349999999999,5.5484784000000005,5.389935408070877
2027-01-29,anp_ethanol_mt_net_l,upside_macro,3.3305213030651397,113.95349999999999,5.5484784000000005,5.3587722412673
2027-02-05,anp_ethanol_mt_net_l,upside_macro,3.320010404852149,113.95349999999999,5.5484784000000005,5.340622859366392
2027-02-12,anp_ethanol_mt_net_l,upside_macro,3.3139136576105397,113.95349999999999,5.5484784000000005,5.31847534851877
2027-02-19,anp_ethanol_mt_net_l,upside_macro,3.3049802265443358,113.95349999999999,5.5484784000000005,5.293916876612159
2027-02-26,anp_ethanol_mt_net_l,upside_macro,3.295625082107366,113.95349999999999,5.5484784000000005,5.267745743378583
2027-03-05,anp_ethanol_mt_net_l,upside_macro,3.2817561354957356,113.95349999999999,5.5484784000000005,5.255257577668633
2027-03-12,anp_ethanol_mt_net_l,upside_macro,3.270370764713833,113.95349999999999,5.5484784000000005,5.23836371544857
2027-03-19,anp_ethanol_mt_net_l,upside_macro,3.258263005370827,113.95349999999999,5.5484784000000005,5.218616896007777
2027-03-26,anp_ethanol_mt_net_l,upside_macro,3.2430631704711606,113.95349999999999,5.5484784000000005,5.196807612428691
2027-04-02,anp_ethanol_mt_net_l,upside_macro,3.2599196352429978,113.95349999999999,5.5484784000000005,5.185426951768607
2027-04-09,anp_ethanol_mt_net_l,upside_macro,3.258494114751868,113.95349999999999,5.5484784000000005,5.170359982291969
2027-04-16,anp_ethanol_mt_net_l,upside_macro,3.2573550577496433,113.95349999999999,5.5484784000000005,5.152929223990687
2027-04-23,anp_ethanol_mt_net_l,upside_macro,3.2486170597652366,113.95349999999999,5.5484784000000005,5.13413342482194
2027-04-30,anp_ethanol_mt_net_l,upside_macro,3.240026189445222,113.95349999999999,5.5484784000000005,5.11461599946014
2027-05-07,anp_ethanol_mt_net_l,upside_macro,3.222600340579492,113.95349999999999,5.5484784000000005,5.099453692023335
2027-05-14,anp_ethanol_mt_net_l,upside_macro,3.201783047123315,113.95349999999999,5.5484784000000005,5.08262563654911
2027-05-21,anp_ethanol_mt_net_l,upside_macro,3.174851723285883,113.95349999999999,5.5484784000000005,5.065013170625492
2027-05-28,anp_ethanol_mt_net_l,upside_macro,3.1441939680848376,113.95349999999999,5.5484784000000005,5.046814677384575
2027-06-04,anp_ethanol_mt_net_l,upside_macro,3.1135654734030247,113.95349999999999,5.5484784000000005,5.026482576497301
2027-06-11,anp_ethanol_mt_net_l,upside_macro,3.0815163011391227,113.95349999999999,5.5484784000000005,5.007159069914771
2027-06-18,anp_ethanol_mt_net_l,upside_macro,3.0506532354380917,113.95349999999999,5.5484784000000005,4.988825830140207
2027-06-25,anp_ethanol_mt_net_l,upside_macro,3.0192350714268796,113.95349999999999,5.5484784000000005,4.971182326176707
2027-07-02,anp_ethanol_mt_net_l,upside_macro,2.9847766074325133,113.95349999999999,5.5484784000000005,4.945254028795433
2027-07-09,anp_ethanol_mt_net_l,upside_macro,2.9556244240396983,113.95349999999999,5.5484784000000005,4.922830504049418
2027-07-16,anp_ethanol_mt_net_l,upside_macro,2.926583807459341,113.95349999999999,5.5484784000000005,4.903109342599403
2027-07-23,anp_ethanol_mt_net_l,upside_macro,2.898277874433123,113.95349999999999,5.5484784000000005,4.88558507640243
2027-07-30,anp_ethanol_mt_net_l,upside_macro,2.871474019742755,113.95349999999999,5.5484784000000005,4.8696051818456105
2027-08-06,anp_ethanol_mt_net_l,upside_macro,2.8473847014201175,113.95349999999999,5.5484784000000005,4.842150544564797
2027-08-13,anp_ethanol_mt_net_l,upside_macro,2.8232211518609427,113.95349999999999,5.5484784000000005,4.820197948798552
2027-08-20,anp_ethanol_mt_net_l,upside_macro,2.800962687946896,113.95349999999999,5.5484784000000005,4.802267350467846
2027-08-27,anp_ethanol_mt_net_l,upside_macro,2.784285709361388,113.95349999999999,5.5484784000000005,4.787424640723965
2027-09-03,anp_ethanol_mt_net_l,upside_macro,2.775261478125472,113.95349999999999,5.5484784000000005,4.760327548095917
2026-09-11,anp_ethanol_mt_net_l,downside_macro,3.242170692126929,84.2265,4.7264816000000005,6.004222938059134
2026-09-18,anp_ethanol_mt_net_l,downside_macro,3.1999202923874623,84.2265,4.7264816000000005,5.944532298673241
2026-09-25,anp_ethanol_mt_net_l,downside_macro,3.183405122888728,84.2265,4.7264816000000005,5.923827783858175
2026-10-02,anp_ethanol_mt_net_l,downside_macro,3.182356317178117,84.2265,4.7264816000000005,5.8786523882288
2026-10-09,anp_ethanol_mt_net_l,downside_macro,3.1488669345774243,84.2265,4.7264816000000005,5.873737254043366
2026-10-16,anp_ethanol_mt_net_l,downside_macro,3.1769259781909405,84.2265,4.7264816000000005,5.863559706201375
2026-10-23,anp_ethanol_mt_net_l,downside_macro,3.1840982039864194,84.2265,4.7264816000000005,5.85317146695519
2026-10-30,anp_ethanol_mt_net_l,downside_macro,3.193836382051288,84.2265,4.7264816000000005,5.84362457399147
2026-11-06,anp_ethanol_mt_net_l,downside_macro,3.206334128533704,84.2265,4.7264816000000005,5.83130379463096
2026-11-13,anp_ethanol_mt_net_l,downside_macro,3.2214248499286224,84.2265,4.7264816000000005,5.821634098170199
2026-11-20,anp_ethanol_mt_net_l,downside_macro,3.2369930043122155,84.2265,4.7264816000000005,5.811144375340754
2026-11-27,anp_ethanol_mt_net_l,downside_macro,3.2516685073886036,84.2265,4.7264816000000005,5.796520998922308
2026-12-04,anp_ethanol_mt_net_l,downside_macro,3.2335746299178365,84.2265,4.7264816000000005,5.788514433696224
2026-12-11,anp_ethanol_mt_net_l,downside_macro,3.233148275382572,84.2265,4.7264816000000005,5.781780923203412
2026-12-18,anp_ethanol_mt_net_l,downside_macro,3.2316615286669896,84.2265,4.7264816000000005,5.774458071266186
2026-12-25,anp_ethanol_mt_net_l,downside_macro,3.2330985437198603,84.2265,4.7264816000000005,5.767249489817358
2027-01-01,anp_ethanol_mt_net_l,downside_macro,3.2341830329068784,84.2265,4.7264816000000005,5.76833331005457
2027-01-08,anp_ethanol_mt_net_l,downside_macro,3.238588913354334,84.2265,4.7264816000000005,5.767958145462317
2027-01-15,anp_ethanol_mt_net_l,downside_macro,3.242344035269534,84.2265,4.7264816000000005,5.765467007787206
2027-01-22,anp_ethanol_mt_net_l,downside_macro,3.2443407448867263,84.2265,4.7264816000000005,5.761434515141857
2027-01-29,anp_ethanol_mt_net_l,downside_macro,3.2458284617097823,84.2265,4.7264816000000005,5.756486792428135
2027-02-05,anp_ethanol_mt_net_l,downside_macro,3.247234496251068,84.2265,4.7264816000000005,5.76373014840557
2027-02-12,anp_ethanol_mt_net_l,downside_macro,3.2528470828286857,84.2265,4.7264816000000005,5.7662143503706895
2027-02-19,anp_ethanol_mt_net_l,downside_macro,3.255415829259561,84.2265,4.7264816000000005,5.765551994859277
2027-02-26,anp_ethanol_mt_net_l,downside_macro,3.257329412599672,84.2265,4.7264816000000005,5.76248383028029
2027-03-05,anp_ethanol_mt_net_l,downside_macro,3.25450509977587,84.2265,4.7264816000000005,5.772292628313808
2027-03-12,anp_ethanol_mt_net_l,downside_macro,3.253903421020365,84.2265,4.7264816000000005,5.776887716910215
2027-03-19,anp_ethanol_mt_net_l,downside_macro,3.2523224534406254,84.2265,4.7264816000000005,5.777829621556097
2027-03-26,anp_ethanol_mt_net_l,downside_macro,3.247385622129524,84.2265,4.7264816000000005,5.775986547352017
2027-04-02,anp_ethanol_mt_net_l,downside_macro,3.2742445855889466,84.2265,4.7264816000000005,5.783868859339583
2027-04-09,anp_ethanol_mt_net_l,downside_macro,3.282562894326001,84.2265,4.7264816000000005,5.787368036647408
2027-04-16,anp_ethanol_mt_net_l,downside_macro,3.290908611819268,84.2265,4.7264816000000005,5.787818584063247
2027-04-23,anp_ethanol_mt_net_l,downside_macro,3.2913972962651927,84.2265,4.7264816000000005,5.786246187917319
2027-04-30,anp_ethanol_mt_net_l,downside_macro,3.2917712968541157,84.2265,4.7264816000000005,5.7833172584125005
2027-05-07,anp_ethanol_mt_net_l,downside_macro,3.2831174354546424,84.2265,4.7264816000000005,5.784127439468993
2027-05-14,anp_ethanol_mt_net_l,downside_macro,3.270799574164449,84.2265,4.7264816000000005,5.782673994810829
2027-05-21,anp_ethanol_mt_net_l,downside_macro,3.2521207561550325,84.2265,4.7264816000000005,5.779859299084736
2027-05-28,anp_ethanol_mt_net_l,downside_macro,3.2294653104900353,84.2265,4.7264816000000005,5.775902893768951
2027-06-04,anp_ethanol_mt_net_l,downside_macro,3.2065994603594845,84.2265,4.7264816000000005,5.7692778755909675
2027-06-11,anp_ethanol_mt_net_l,downside_macro,3.1821206229737,84.2265,4.7264816000000005,5.763146561705213
2027-06-18,anp_ethanol_mt_net_l,downside_macro,3.158599355643767,84.2265,4.7264816000000005,5.757508249463743
2027-06-25,anp_ethanol_mt_net_l,downside_macro,3.1342944167521005,84.2265,4.7264816000000005,5.7520799592854805
2027-07-02,anp_ethanol_mt_net_l,downside_macro,3.1067181507085473,84.2265,4.7264816000000005,5.737904834708628
2027-07-09,anp_ethanol_mt_net_l,downside_macro,3.084285422681656,84.2265,4.7264816000000005,5.726789808293893
2027-07-16,anp_ethanol_mt_net_l,downside_macro,3.061755541148062,84.2265,4.7264816000000005,5.71794889485293
2027-07-23,anp_ethanol_mt_net_l,downside_macro,3.039752160133665,84.2265,4.7264816000000005,5.710892431543072
2027-07-30,anp_ethanol_mt_net_l,downside_macro,3.0190370237309874,84.2265,4.7264816000000005,5.704983283602869
2027-08-06,anp_ethanol_mt_net_l,downside_macro,3.000751263329193,84.2265,4.7264816000000005,5.687217298994061
2027-08-13,anp_ethanol_mt_net_l,downside_macro,2.9822921665607818,84.2265,4.7264816000000005,5.674585648105843
2027-08-20,anp_ethanol_mt_net_l,downside_macro,2.9655468479741756,84.2265,4.7264816000000005,5.665622113271326
2027-08-27,anp_ethanol_mt_net_l,downside_macro,2.9541967758854417,84.2265,4.7264816000000005,5.659405892091595
2027-09-03,anp_ethanol_mt_net_l,downside_macro,2.9502983874338042,84.2265,4.7264816000000005,5.640607523360546
