date,anp_ethanol_mt_l,anp_ethanol_mt_net_l,anp_gasoline_mt_l,anp_gasoline_mt_net_l,anp_gasoline_mt_net_l_est,anp_parity_gross,anp_parity_net,brent_usd_bbl,usd_brl,icms_rate,pis_cofins_m3,freight_m3,margin_m3
2021-04-30,3.7630166666666667,3.1617395833333335,5.477972067039106,4.662325558659218,,0.6869360815672453,0.678146462222295,66.96,5.41386,0.125,130.9,0.0,0.0
2021-05-07,3.7419098360655734,3.1432711065573766,5.492037037037036,4.674632407407406,,0.6813336856308493,0.6724103271899112,68.99,5.35156,0.125,130.9,0.0,0.0
2021-05-14,3.858878048780488,3.2456182926829267,5.6422,4.806025,,0.683931453826608,0.6753228068274565,68.73,5.24998,0.125,130.9,0.0,0.0
2021-05-21,4.110848484848485,3.466092424242424,5.71878391959799,4.873035929648241,,0.7188326299164426,0.711279882660874,67.48,5.2819400000000005,0.125,130.9,0.0,0.0
2021-05-28,4.09815671641791,3.4549871268656713,5.721908653846153,4.875770072115383,,0.7162219749284552,0.7086033745981594,69.02,5.292520000000001,0.125,130.9,0.0,0.0
2021-06-04,4.342540740740741,3.6688231481481486,5.73777990430622,4.8896574162679425,,0.7568329237379169,0.7503231485997229,70.66,5.144275,0.125,130.9,0.0,0.0
2021-06-11,4.163097087378641,3.5118099514563106,5.7589503105590065,4.908181521739131,,0.722891649150996,0.7155012372508913,71.46,5.0668999999999995,0.125,130.9,0.0,0.0
2021-06-18,4.073933333333334,3.433791666666667,5.737685,4.8895743750000005,,0.7100308457737456,0.7022680101203423,73.11,5.04922,0.125,130.9,0.0,0.0
2021-06-25,4.0506029411764715,3.4133775735294125,5.7438,4.894925000000001,,0.7052130891006775,0.697329902609215,75.41,4.97106,0.125,130.9,0.0,0.0
2021-07-02,4.258152278177458,3.5949832434052755,5.900621495327103,5.032143808411215,,0.7216447083666745,0.7144039161592065,76.26,4.9848,0.125,130.9,0.0,0.0
2021-07-09,4.080744360902256,3.439751315789474,5.881691542288557,5.015580099502488,,0.6938045512183464,0.6858132554060246,76.13,5.19404,0.125,130.9,0.0,0.0
2021-07-16,4.17385,3.5212187499999996,6.0647142857142855,5.175725,,0.6882187360139448,0.6803334315482371,75.8,5.1366,0.125,130.9,0.0,0.0
2021-07-23,4.14881746031746,3.4993152777777774,5.980474226804124,5.102014948453608,5.180339660217457,0.6937271699496188,0.685869271872361,72.2,5.21276,0.125,130.9,0.0,0.0
2021-07-30,4.052700854700855,3.4152132478632478,5.963005649717514,5.086729943502824,5.116632735794845,0.6796406196416808,0.6713966115353597,75.75,5.13914,0.125,130.9,0.0,0.0
2021-08-06,4.104181818181818,3.4602590909090907,5.961297872340425,5.085235638297872,5.10389993333438,0.6884711863207907,0.6804520649641531,72.26,5.196160000000001,0.125,130.9,0.0,0.0
2021-08-13,4.262962121212121,3.599191856060606,5.962843137254902,5.08658774509804,5.097163020151289,0.7149210574696837,0.7075847378292369,71.09,5.23658,0.125,130.9,0.0,0.0
2021-08-20,4.358421052631579,3.682718421052632,5.992061135371179,5.112153493449782,5.090919112331755,0.7273659186992918,0.720384946534041,68.08,5.33118,0.125,130.9,0.0,0.0
2021-08-27,4.561464788732394,3.8603816901408448,6.1633349282296646,5.262018062200957,5.117594767016467,0.7400968537081618,0.7336314023456912,71.02,5.27594,0.125,130.9,0.0,0.0
2021-09-03,4.566114093959731,3.8644498322147647,6.15271615720524,5.252726637554584,5.219461610652932,0.7421298134503586,0.7357035876540238,73.02,5.16762,0.125,130.9,0.0,0.0
2021-09-10,4.58363870967742,3.8797838709677426,6.175185344827586,5.272387176724138,5.254823988648097,0.7422673901629097,0.7358685432086091,72.01,5.231999999999999,0.125,130.9,0.0,0.0
2021-09-17,4.6054545454545455,3.898872727272727,6.20546186440678,5.298879131355932,5.287024754687672,0.7421614452053056,0.7357919723439782,74.13,5.25446,0.125,130.9,0.0,0.0
2021-09-24,4.587606451612903,3.8832556451612903,6.184042735042735,5.280137393162393,5.344796938691581,0.7418458520049668,0.7354459469539525,75.32,5.3097,0.125,130.9,0.0,0.0
2021-10-01,4.556363057324841,3.855917675159236,6.1644806866952795,5.26302060085837,5.311901365959713,0.7391316947685117,0.7326434698983235,78.44,5.40324,0.125,130.9,0.0,0.0
2021-10-08,4.562276729559748,3.86109213836478,6.1786056910569105,5.275379979674797,5.2980320710774915,0.7383990754035845,0.7319078726539047,82.01,5.48272,0.125,130.9,0.0,0.0
2021-10-15,4.596246666666667,3.8908158333333334,6.281964601769912,5.365819026548673,5.337278364819773,0.7316575240445795,0.7251112670931673,83.87,5.5032499999999995,0.125,130.9,0.0,0.0
2021-10-22,4.841822784810127,4.105694936708861,6.442931330472103,5.506664914163089,5.406509424586411,0.7514937745666372,0.7455864848701895,84.98,5.596500000000001,0.125,130.9,0.0,0.0
2021-10-29,4.973727848101266,4.221111867088608,6.615319672131148,5.657504713114754,5.523353097369431,0.7518499626033889,0.7461084137152514,84.12,5.599880000000001,0.125,130.9,0.0,0.0
2021-11-05,5.1555534591194965,4.380209276729559,6.749158333333333,5.774613541666666,5.631680175212899,0.7638809469999834,0.7585285569543664,82.52,5.6190750000000005,0.125,130.9,0.0,0.0
2021-11-12,5.358197452229299,4.557522770700636,6.820020576131688,5.836618004115227,5.727153905349331,0.7856570801240113,0.7808499318419094,83.39,5.470879999999999,0.125,130.9,0.0,0.0
2021-11-19,5.515724358974359,4.695358814102564,6.834237068965517,5.849057435344827,5.793004902496781,0.8070724359301839,0.8027547798948486,81.63,5.520474999999999,0.125,130.9,0.0,0.0
2021-11-26,5.456427672955975,4.643474213836479,6.8273909465020575,5.8430670781893,5.817477195476765,0.799196606099072,0.7946980843621324,80.24,5.59858,0.125,130.9,0.0,0.0
2021-12-03,5.206653333333334,4.424921666666666,6.736767543859649,5.7637716008771935,5.823965344328812,0.7728711580792236,0.7677128750197585,71.0,5.62524,0.125,130.9,0.0,0.0
2021-12-10,5.060218543046357,4.296791225165562,6.742212765957447,5.768536170212766,5.738815605516382,0.7505278635815591,0.7448668255480626,74.79,5.6112400000000004,0.125,130.9,0.0,0.0
2021-12-17,4.874493421052631,4.134281743421052,6.662925,5.699159375000001,5.748563841609971,0.7315846150230764,0.7254195700433543,73.76,5.677339999999999,0.125,130.9,0.0,0.0
2021-12-24,4.715061643835616,3.994778938356164,6.588570135746607,5.634098868778281,5.693524435786355,0.7156426275640325,0.7090360022777532,73.91,5.702579999999999,0.125,130.9,0.0,0.0
2021-12-31,4.69768456375839,3.9795739932885916,6.569603524229075,5.617503083700441,5.637991022309422,0.7150636330538152,0.7084239979922022,78.16,5.62634,0.125,130.9,0.0,0.0
2022-01-07,4.661869918699186,3.9482361788617877,6.583631578947369,5.629777631578948,5.680790083340857,0.708100060399272,0.7013129891161352,80.5,5.67016,0.125,130.9,0.0,0.0
2022-01-14,4.693071428571429,3.9755375,6.556376146788991,5.605929128440367,5.659429309271927,0.715802651266413,0.7091665643489931,85.07,5.58586,0.125,130.9,0.0,0.0
2022-01-21,4.882260273972602,4.141077739726027,6.589330357142857,5.6347640625,5.650998553807528,0.7409342086909052,0.7349159066455636,89.16,5.476319999999999,0.125,130.9,0.0,0.0
2022-01-28,4.806315789473684,4.074626315789473,6.5530952380952385,5.603058333333333,5.679803734581771,0.7334420781088352,0.7272146876553085,90.12,5.43942,0.125,130.9,0.0,0.0
2022-02-04,4.680140845070423,3.96422323943662,6.519772727272727,5.573901136363636,5.641314246589092,0.7178380352881049,0.7112116168646012,92.77,5.3129800000000005,0.125,130.9,0.0,0.0
2022-02-11,4.562866666666666,3.8616083333333333,6.4497379912663755,5.512620742358079,5.611285923496801,0.7074499263141028,0.7005031751343539,96.43,5.2486999999999995,0.125,130.9,0.0,0.0
2022-02-18,4.4391240875912406,3.7533335766423357,6.433440366972477,5.498360321100918,5.548751999631289,0.6900078083229758,0.6826277940058353,97.8,5.17042,0.125,130.9,0.0,0.0
2022-02-25,4.310891719745223,3.6411302547770705,6.356708333333333,5.431219791666667,5.514791045502749,0.6781641525284009,0.6704074580748507,99.36,5.08638,0.125,130.9,0.0,0.0
2022-03-04,4.2359285714285715,3.5755375,6.337725118483412,5.414609478672986,5.4674220032493315,0.6683673545693647,0.6603500241491642,114.43,5.086133333333334,0.125,130.9,0.0,0.0
2022-03-11,4.207352941176471,3.5505338235294124,6.467305936073059,5.527992694063926,5.483053228633928,0.6505572772905145,0.6422826548490287,122.29,5.04688,0.125,130.9,0.0,0.0
2022-03-18,4.6219166666666665,3.9132770833333335,7.063206521739131,6.049405706521739,5.572845749614876,0.6543652167668232,0.6468862022453727,109.59,5.0884599999999995,0.125,130.9,0.0,0.0
2022-03-25,4.791570247933884,4.061723966942148,7.027431693989071,6.018102732240436,5.928745466979957,0.681838039355454,0.6749176854663028,123.6,4.86854,0.125,130.9,0.0,0.0
2022-04-01,5.064575163398692,4.300603267973855,7.078978723404255,6.0632063829787235,5.992838713771152,0.7154386757307778,0.7092952138404798,111.26,4.745,0.125,130.9,0.0,0.0
2022-04-08,4.939846153846154,4.191465384615384,7.046666666666667,6.034933333333333,5.971970367754076,0.7010188487009679,0.6945338337814365,103.33,4.689539999999999,0.125,130.9,0.0,0.0
2022-04-15,4.9609448818897635,4.209926771653542,7.062857142857143,6.049100000000001,5.942735639716163,0.7023991539892465,0.6959591958561673,105.42,4.686925,0.125,130.9,0.0,0.0
2022-04-22,5.163597122302158,4.387247482014388,7.113318181818182,6.093253409090909,5.993634597746443,0.7259055465142049,0.720017236681602,105.72,4.678325,0.125,130.9,0.0,0.0
2022-04-29,4.969478260869566,4.21739347826087,7.028406593406594,6.01895576923077,5.9873815523650515,0.7070561719538927,0.7006852417524674,103.92,4.95904,0.125,130.9,0.0,0.0
2022-05-06,4.9965573770491805,4.2410877049180336,7.083333333333333,6.067016666666666,5.96621144012096,0.7053963355834137,0.699040061686227,110.36,5.02654,0.125,130.9,0.0,0.0
2022-05-13,4.9580769230769235,4.2074173076923085,7.094728033472804,6.076987029288704,6.046321286067748,0.6988396031087876,0.6923525239422431,107.43,5.13062,0.125,130.9,0.0,0.0
2022-05-20,4.823795620437957,4.089921167883212,7.083820754716981,6.067443160377358,6.039707359889597,0.6809595820484141,0.6740765524746742,112.93,4.9581800000000005,0.125,130.9,0.0,0.0
2022-05-27,4.81525925925926,4.082451851851852,7.045141509433962,6.033598820754717,6.0465396926296116,0.6834865208614013,0.6766197046129089,117.66,4.79678,0.125,130.9,0.0,0.0
2022-06-03,4.950506329113924,4.200793037974684,7.105720164609053,6.086605144032921,6.044495066399513,0.69669311687372,0.6901701258037057,124.11,4.7621,0.125,130.9,0.0,0.0
2022-06-10,4.901006289308176,4.1574805031446544,7.096938775510204,6.078921428571428,6.050877359903979,0.690580325452482,0.6839174600290366,127.4,4.88492,0.125,130.9,0.0,0.0
2022-06-17,4.6833757961783435,3.9670538216560502,7.035,6.024725,6.067122834811149,0.6657250598689898,0.6584622238618444,125.08,5.1167,0.125,130.9,0.0,0.0
2022-06-24,4.5494771241830065,4.162771568627451,7.14844262295082,6.540825000000001,5.989814193566411,0.6364291306719643,0.6364291306719643,116.83,5.17558,0.085,0.0,0.0,0.0
2022-07-01,4.292704402515723,3.9278245283018864,6.9445643153526975,6.354276348547718,6.348779516051858,0.6181387640151341,0.6181387640151341,120.34,5.24366,0.085,0.0,0.0,0.0
2022-07-08,4.078095238095238,3.731457142857143,6.40534188034188,5.86088782051282,6.220381231223377,0.6366709715543821,0.6366709715543822,113.64,5.35968,0.085,0.0,0.0,0.0
2022-07-15,3.9762893081761006,3.638304716981132,6.0905577689243025,5.572860358565737,5.82654847713189,0.6528612746215494,0.6528612746215495,109.8,5.40342,0.085,0.0,0.0,0.0
2022-07-22,3.911548387096774,3.5790667741935485,5.937364016736401,5.432688075313807,5.604143533481965,0.6588021849546021,0.6588021849546022,113.53,5.42278,0.085,0.0,0.0,0.0
2022-07-29,3.9719607843137257,3.6343441176470592,5.841795918367347,5.345243265306123,5.4631792962408,0.6799211817423093,0.6799211817423093,109.28,5.29718,0.085,0.0,0.0,0.0
2022-08-05,3.7692413793103445,3.4488558620689655,5.661964285714285,5.180697321428571,5.300264208037711,0.6657126730418498,0.6657126730418498,102.54,5.2271,0.085,0.0,0.0,0.0
2022-08-12,3.7242038216560513,3.4076464968152873,5.589336099585062,5.114242531120333,5.142348533310225,0.6663052203878966,0.6663052203878966,104.64,5.10236,0.085,0.0,0.0,0.0
2022-08-19,3.6603424657534243,3.3492133561643835,5.424525862068966,4.963441163793104,5.087815982700846,0.674776479793081,0.674776479793081,96.73,5.15566,0.085,0.0,0.0,0.0
2022-08-26,3.574193548387097,3.2703870967741935,5.308559322033898,4.857331779661017,4.916370352162177,0.6732888023972756,0.6732888023972756,98.87,5.1173,0.085,0.0,0.0,0.0
2022-09-02,3.3934666666666664,3.105022,5.187709251101321,4.746753964757709,4.813662736223371,0.6541358627502597,0.6541358627502597,95.31,5.1344,0.085,0.0,0.0,0.0
2022-09-09,3.181032258064516,2.9106445161290324,5.116135458167331,4.681263944223108,4.7232844928373385,0.6217646667244431,0.621764666724443,90.43,5.19255,0.085,0.0,0.0,0.0
2022-09-16,3.033211678832117,2.7753886861313872,4.988119266055047,4.564129128440368,4.600464249529822,0.608087240309912,0.608087240309912,91.41,5.19688,0.085,0.0,0.0,0.0
2022-09-23,,,4.988119266055047,4.564129128440368,4.533455377272705,,,88.54,5.19396,0.085,0.0,0.0,0.0
2022-09-30,2.8183333333333334,2.5787750000000003,4.80962962962963,4.400811111111112,4.5263707430131115,0.5859772062220853,0.5859772062220853,87.28,5.37264,0.085,0.0,0.0,0.0
2022-10-07,2.9726315789473685,2.7199578947368424,4.877241379310345,4.4626758620689655,4.399668563697748,0.609490354846392,0.609490354846392,94.66,5.19574,0.085,0.0,0.0,0.0
2022-10-14,3.0002857142857144,2.7452614285714287,4.872,4.45788,4.4849141765868135,0.6158221909453437,0.6158221909453436,94.62,5.24625,0.085,0.0,0.0,0.0
2022-10-21,3.121111111111111,2.8558166666666667,4.915636363636364,4.497807272727273,4.478272294705102,0.634935312587332,0.6349353125873322,91.04,5.24626,0.085,0.0,0.0,0.0
2022-10-28,3.2636363636363637,2.9862272727272727,4.937222222222222,4.517558333333334,4.511859066391758,0.6610268318381293,0.6610268318381292,93.01,5.3107999999999995,0.085,0.0,0.0,0.0
2022-11-04,3.2765714285714287,2.9980628571428576,4.975272727272727,4.552374545454545,4.546079822771988,0.6585712197464866,0.6585712197464867,95.86,5.144475,0.085,0.0,0.0,0.0
2022-11-11,3.5088,3.210552,5.055308641975309,4.625607407407408,4.564906772851614,0.6940822506593729,0.6940822506593728,96.08,5.207479999999999,0.085,0.0,0.0,0.0
2022-11-18,3.4896969696969697,3.1930727272727273,5.012407407407408,4.586352777777778,4.637344605436051,0.6962117573563245,0.6962117573563246,92.09,5.358725,0.085,0.0,0.0,0.0
2022-11-25,3.6570000000000005,3.3461550000000004,5.164123711340206,4.725173195876289,4.6228829407188785,0.7081549948095505,0.7081549948095505,86.4,5.3437,0.085,0.0,0.0,0.0
2022-12-02,3.6865671641791047,3.373208955223881,5.159134615384615,4.720608173076923,4.713090853755536,0.7145708416263664,0.7145708416263664,85.03,5.2747,0.085,0.0,0.0,0.0
2022-12-09,3.693230769230769,3.3793061538461537,5.149811320754717,4.712077358490566,4.7123083885058605,0.7171584625530548,0.7171584625530547,78.56,5.2311,0.085,0.0,0.0,0.0
2022-12-16,3.663235294117647,3.351860294117647,5.064716981132076,4.6342160377358494,4.69012482176257,0.7232852907209897,0.7232852907209897,80.8,5.3026,0.085,0.0,0.0,0.0
2022-12-23,3.606865671641791,3.300282089552239,5.013518518518519,4.5873694444444455,4.669801587466581,0.7194280141419742,0.7194280141419742,80.68,5.21868,0.085,0.0,0.0,0.0
2022-12-30,3.5897014925373134,3.284576865671642,4.972788461538461,4.550101442307692,4.644148715532224,0.7218689313453616,0.7218689313453615,81.83,5.23588,0.085,0.0,0.0,0.0
2023-01-06,3.6710169491525426,3.3589805084745765,5.094795918367347,4.661738265306123,4.6209561296098,0.7205424923730681,0.7205424923730681,77.2,5.3707,0.085,0.0,0.0,0.0
2023-01-13,3.6482352941176472,3.3381352941176474,5.085765765765766,4.653475675675676,4.7028288536973255,0.7173423751985029,0.717342375198503,80.61,5.19856,0.085,0.0,0.0,0.0
2023-01-20,3.5320000000000005,3.2317800000000005,4.994725274725274,4.570173626373626,4.698181157519614,0.70714600017601,0.7071460001760099,84.57,5.14714,0.085,0.0,0.0,0.0
2023-01-27,3.399245283018868,3.1103094339622643,4.939156626506024,4.519328313253012,4.648012551547933,0.6882238284926603,0.6882238284926603,85.9,5.12756,0.085,0.0,0.0,0.0
2023-02-03,3.5887878787878784,3.283740909090909,5.177129629629629,4.737073611111111,4.616618035155816,0.6932003128236562,0.6932003128236564,81.87,5.07208,0.085,0.0,0.0,0.0
2023-02-10,3.460806451612903,3.1666379032258063,5.109100000000001,4.674826500000001,4.7837994335251075,0.6773808403853717,0.6773808403853717,83.3,5.2067,0.085,0.0,0.0,0.0
2023-02-17,3.3993220338983052,3.1103796610169496,5.068631578947368,4.637797894736842,4.715666560109912,0.670658733220508,0.6706587332205081,84.17,5.20056,0.085,0.0,0.0,0.0
2023-02-24,3.338490566037736,3.0547188679245285,5.051882352941176,4.622472352941176,4.673887654208198,0.6608409168701418,0.6608409168701418,81.77,5.1617,0.085,0.0,0.0,0.0
2023-03-03,3.359433962264151,2.9429820754716984,5.1,4.5356000000000005,4.669315541520282,0.6587125416204218,0.6488627911349542,83.6,5.2045,0.085,130.9,0.0,0.0
2023-03-10,3.633653846153846,3.1938932692307693,5.543493975903615,4.941396987951807,4.6173307981623335,0.6554807963981857,0.6463543157973689,82.86,5.16866,0.085,130.9,0.0,0.0
2023-03-17,3.638,3.19787,5.579791666666666,4.974609375,4.91511833131906,0.651995668894448,0.6428384138201806,74.98,5.26628,0.085,130.9,0.0,0.0
2023-03-24,3.619423076923077,3.1808721153846156,5.506585365853659,4.9076256097560975,4.924140312995678,0.6572899240547733,0.6481488948670436,74.24,5.26224,0.085,130.9,0.0,0.0
2023-03-31,3.625471698113208,3.186406603773585,5.525833333333334,4.9252375000000015,4.889481821731923,0.6560950139851982,0.6469549141079155,78.0,5.1518,0.085,130.9,0.0,0.0
2023-04-07,3.63463768115942,3.1947934782608693,5.552583333333334,4.949713750000001,4.950423413534571,0.6545849855759788,0.6454501491648621,85.99,5.063225,0.085,130.9,0.0,0.0
2023-04-14,3.6042857142857145,3.167021428571429,5.5196875,4.919614062500001,5.0038178620178275,0.6529872776829693,0.6437540401211967,87.36,4.9802,0.085,130.9,0.0,0.0
2023-04-21,3.63448275862069,3.1946517241379313,5.5131578947368425,4.913639473684212,5.024702040474527,0.6592379228047075,0.65015997637747,84.62,5.001575,0.085,130.9,0.0,0.0
2023-04-28,3.836666666666667,3.3796500000000003,5.5163414634146335,4.9165524390243895,4.998315467207402,0.6955092776819798,0.6874024109200059,81.4,5.039,0.085,130.9,0.0,0.0
2023-05-05,3.8370588235294116,3.380008823529412,5.512261904761904,4.9128196428571425,4.97426799799561,0.6960951583622457,0.6879977424865742,74.62,5.009075,0.085,130.9,0.0,0.0
2023-05-12,3.8050877192982457,3.350755263157895,5.517553191489362,4.9176611702127655,4.905817085027074,0.6896331738437002,0.6813717226908748,76.08,4.9636,0.085,130.9,0.0,0.0
2023-05-19,3.7671186440677964,3.316013559322034,5.507040816326531,4.908042346938776,4.907413615142324,0.6840549706658342,0.675628555118373,75.75,4.94486,0.085,130.9,0.0,0.0
2023-05-26,3.6173015873015877,3.178930952380953,5.258396226415094,4.680532547169811,4.912660227631349,0.6879096651428414,0.6791814650029866,76.48,4.97864,0.085,130.9,0.0,0.0
2023-06-02,3.574025974025974,3.1393337662337664,5.327153846153846,4.743445769230769,4.729596554181362,0.670907219359994,0.661825583966329,73.89,5.0282800000000005,0.085,130.9,0.0,0.0
2023-06-09,3.5374647887323944,3.105880281690141,5.532241379310345,4.931100862068966,4.781652022605889,0.6394270506637544,0.6298553545276686,76.06,4.914225,0.085,130.9,0.0,0.0
2023-06-16,3.499850746268657,3.0714634328358215,5.514690265486726,4.915041592920355,4.922270121235695,0.6346413992046316,0.6249109747636662,74.39,4.8467,0.085,130.9,0.0,0.0
2023-06-23,3.444107142857143,3.020458035714286,5.387684210526316,4.798831052631579,4.901388016433754,0.6392555703484137,0.6294153727412283,75.26,4.78154,0.085,130.9,0.0,0.0
2023-06-30,3.3467241379310346,2.9313525862068968,5.281546391752578,4.701714948453608,4.826689153081121,0.6336636828859682,0.6234645482221369,73.55,4.8188,0.085,130.9,0.0,0.0
2023-07-07,3.659056603773585,3.2171367924528305,5.622826086956521,5.013985869565216,4.759264959115815,0.6507504495402472,0.6416326005186372,76.6,4.8457,0.085,130.9,0.0,0.0
2023-07-14,3.537931034482759,3.1063068965517244,5.58563829787234,4.97995904255319,4.992235802791777,0.6333978044783913,0.6237615349862682,79.79,4.83474,0.085,130.9,0.0,0.0
2023-07-21,3.507702702702703,3.078647972972973,5.637633587786259,5.027534732824426,4.99453828962565,0.622194161447814,0.6123573752504768,79.48,4.79924,0.085,130.9,0.0,0.0
2023-07-28,3.3523333333333336,2.9364850000000002,5.513714285714286,4.914148571428573,5.038083048582802,0.6079991018067502,0.5975572283412559,83.55,4.735519999999999,0.085,130.9,0.0,0.0
2023-08-04,3.366527777777778,2.9494729166666667,5.5371311475409835,4.935575,4.993596920304987,0.6079913384881336,0.5975945896205946,85.63,4.81312,0.085,130.9,0.0,0.0
2023-08-11,3.3115151515151515,2.8991363636363636,5.466605504587156,4.871044036697249,4.999686521638205,0.605771744227086,0.5951776132169988,87.83,4.89356,0.085,130.9,0.0,0.0
2023-08-18,3.2684615384615383,2.859742307692308,5.576448598130842,4.97155046728972,4.955005623443233,0.5861188318954624,0.5752214176458554,85.87,4.9721,0.085,130.9,0.0,0.0
2023-08-25,3.4298507462686567,3.007413432835821,5.938974358974359,5.303261538461538,5.0151811596355405,0.5775156683553995,0.5670875198261981,84.71,4.9155,0.085,130.9,0.0,0.0
2023-09-01,3.3535483870967746,2.937596774193549,5.875714285714286,5.245378571428573,5.232582464096747,0.5707473549641969,0.5600352260930326,87.57,4.89668,0.085,130.9,0.0,0.0
2023-09-08,3.477460317460318,3.0509761904761907,5.927685185185185,5.292931944444444,5.2174958264984586,0.586647267663841,0.5764246021864214,91.29,4.96195,0.085,130.9,0.0,0.0
2023-09-15,3.393478260869565,2.974132608695652,5.865915492957747,5.236412676056339,5.2950929508370645,0.578507867176669,0.5679713942896377,93.87,4.9096400000000004,0.085,130.9,0.0,0.0
2023-09-22,3.3687931034482763,2.951545689655173,5.864242424242423,5.234881818181817,5.3052594062234535,0.5744634787814858,0.5638227933635197,94.86,4.8791400000000005,0.085,130.9,0.0,0.0
2023-09-29,3.324,2.91056,5.792127659574469,5.168896808510638,5.295487507651668,0.5738823788708077,0.5630911406874548,95.61,5.00326,0.085,130.9,0.0,0.0
2023-10-06,3.2198148148148147,2.8152305555555555,5.737906976744186,5.11928488372093,5.224259920358723,0.5611479635108704,0.5499265267513922,90.33,5.13872,0.085,130.9,0.0,0.0
2023-10-13,3.1186363636363637,2.722652272727273,5.694202898550724,5.079295652173913,5.142844097854274,0.5476862028274602,0.5360294929006527,90.48,5.091225,0.085,130.9,0.0,0.0
2023-10-20,3.1637254901960783,2.7639088235294116,5.778522727272727,5.156448295454545,5.103683388979927,0.5474972825259187,0.5360101886342624,92.47,5.05276,0.085,130.9,0.0,0.0
2023-10-27,3.3072580645161294,2.8952411290322586,5.867363636363636,5.237737727272727,5.1579023735247995,0.5636702051359203,0.5527655792990234,89.84,4.9948999999999995,0.085,130.9,0.0,0.0
2023-11-03,3.2680000000000002,2.8593200000000003,5.821170212765958,5.195470744680852,5.207331674186591,0.5613991483762495,0.5503485902461073,88.21,4.993825,0.085,130.9,0.0,0.0
2023-11-10,3.215740740740741,2.811502777777778,5.765384615384615,5.144426923076923,5.194285939749692,0.5577669063326168,0.5465142803692886,83.52,4.8950000000000005,0.085,130.9,0.0,0.0
2023-11-17,3.187543859649123,2.7857026315789475,5.735520833333333,5.1171015625,5.129771362550309,0.5557549091486094,0.5443907254047095,81.93,4.883825,0.085,130.9,0.0,0.0
2023-11-24,3.217936507936508,2.8135119047619046,5.738990825688073,5.120276605504587,5.100169576138978,0.5607146980498432,0.5494843582741643,81.62,4.887099999999999,0.085,130.9,0.0,0.0
2023-12-01,3.165714285714286,2.7657285714285718,5.703473684210527,5.087778421052633,5.099562135826742,0.555050213430148,0.5436024021770111,80.91,4.90594,0.085,130.9,0.0,0.0
2023-12-08,3.175522388059701,2.7747029850746268,5.723064516129032,5.105704032258064,5.075825626499834,0.5548639857388087,0.5434515920907147,75.98,4.91502,0.085,130.9,0.0,0.0
2023-12-15,3.1799999999999997,2.7788,5.751931818181818,5.132117613636364,5.084776584235153,0.5528577355433945,0.5414529068111282,75.58,4.936100000000001,0.085,130.9,0.0,0.0
2023-12-22,3.117692307692308,2.7217884615384618,5.702065217391305,5.086489673913045,5.112680804938519,0.5467654593257445,0.5351015407536619,80.15,4.884040000000001,0.085,130.9,0.0,0.0
2023-12-29,3.0455555555555556,2.6557833333333334,5.6465555555555556,5.035698333333334,5.098905442901993,0.5393651980558453,0.527391268804492,79.23,4.8375,0.085,130.9,0.0,0.0
2024-01-05,3.0145098039215688,2.6273764705882354,5.6256818181818184,5.016598863636364,5.066192352071883,0.5358479027695593,0.5237366076114243,76.88,4.905375,0.085,130.9,0.0,0.0
2024-01-12,3.0340677966101697,2.6452720338983053,5.701153846153845,5.085655769230769,5.054643853323533,0.5321848661665278,0.5201437442743821,78.4,4.8805,0.085,130.9,0.0,0.0
2024-01-19,3.03296875,2.6442664062500003,5.704955752212389,5.089134513274336,5.102873116057616,0.5316375589458009,0.5195905903749999,80.11,4.9155,0.085,130.9,0.0,0.0
2024-01-26,2.9903076923076926,2.6052315384615388,5.693103448275862,5.078289655172414,5.088872726927908,0.5252508968923264,0.5130135764918451,82.31,4.93508,0.085,130.9,0.0,0.0
2024-02-02,2.994,2.60861,5.729298245614035,5.111407894736843,5.108557002039122,0.5225770891386227,0.5103505831898205,82.57,4.94438,0.085,130.9,0.0,0.0
2024-02-09,3.2127777777777777,2.8087916666666666,6.006831683168317,5.36535099009901,5.151055582194294,0.5348539708179723,0.5235056703372978,81.51,4.97738,0.085,130.9,0.0,0.0
2024-02-16,3.2424,2.835896,5.999236641221374,5.358401526717557,5.33474065745233,0.5404687619289986,0.5292429068370338,84.44,4.973133333333333,0.085,130.9,0.0,0.0
2024-02-23,3.3096875,2.8974640625,6.064070796460177,5.4177247787610625,5.348775128646349,0.5457864215457358,0.534811970120527,85.02,4.95132,0.085,130.9,0.0,0.0
2024-03-01,3.2331818181818184,2.827461363636364,6.014830508474576,5.372669915254237,5.415588580710904,0.537534983508918,0.5262674625903512,84.26,4.9676,0.085,130.9,0.0,0.0
2024-03-08,3.1698412698412697,2.769504761904762,5.976071428571429,5.337205357142858,5.3939346098438765,0.5304222527673194,0.5189054152091589,85.63,4.94952,0.085,130.9,0.0,0.0
2024-03-15,3.162686567164179,2.762958208955224,5.9679090909090915,5.32973681818182,5.375708184810803,0.529948851262144,0.5184042483166695,84.52,4.981959999999999,0.085,130.9,0.0,0.0
2024-03-22,3.1451515151515155,2.7469136363636366,5.961061946902655,5.3234716814159295,5.349958938042376,0.5276159756712013,0.5160004224222747,85.88,5.006,0.085,130.9,0.0,0.0
2024-03-29,3.2387012987012986,2.8325116883116883,5.962720588235293,5.324989338235294,5.338154999541513,0.5431583202290908,0.5319281426487109,85.8,4.988925,0.085,130.9,0.0,0.0
2024-04-05,3.309285714285714,2.8970964285714285,6.084807692307693,5.436699038461539,5.345078942050822,0.5438603620077025,0.5328778378343415,90.34,5.04978,0.085,130.9,0.0,0.0
2024-04-12,3.457777777777778,3.032966666666667,6.070222222222223,5.423353333333335,5.438288509346821,0.5696295211597597,0.5592419450204854,92.01,5.06568,0.085,130.9,0.0,0.0
2024-04-19,3.6360975609756094,3.1961292682926827,6.043046875,5.398487890625001,5.443509111859569,0.6016993804926607,0.5920415740568895,89.59,5.23262,0.085,130.9,0.0,0.0
2024-04-26,3.695595238095238,3.250569642857143,6.005766423357664,5.364376277372262,5.40957599739907,0.6153411534158748,0.605954816512132,88.53,5.16248,0.085,130.9,0.0,0.0
2024-05-03,3.665375,3.222918125,6.000441176470588,5.359503676470588,5.378126181041054,0.6108509178246698,0.6013463782382176,85.73,5.118125,0.085,130.9,0.0,0.0
2024-05-10,3.6213749999999996,3.1826581249999997,5.9347967479674795,5.299439024390244,5.339010594106519,0.6101936011945532,0.6005650995043192,82.95,5.1053,0.085,130.9,0.0,0.0
2024-05-17,3.6338554216867474,3.194077710843374,5.99072463768116,5.350613043478262,5.266650655164356,0.6065802789248731,0.5969554675116268,81.61,5.13236,0.085,130.9,0.0,0.0
2024-05-24,3.6081159420289857,3.170526086956522,5.980603448275862,5.341352155172414,5.306432472349969,0.6033029899464682,0.5935811747379873,80.24,5.1315,0.085,130.9,0.0,0.0
2024-05-31,3.5661428571428573,3.1321207142857146,5.942586206896552,5.306566379310345,5.297504812392119,0.6000994740310608,0.5902349071703825,80.92,5.1907499999999995,0.085,130.9,0.0,0.0
2024-06-07,3.5535714285714284,3.120617857142857,5.932333333333333,5.297185000000001,5.2825267474599364,0.5990174909093828,0.5891087166377721,76.59,5.26768,0.085,130.9,0.0,0.0
2024-06-14,3.5146913580246912,3.0850425925925924,5.897443609022557,5.2652609022556405,5.27151983192937,0.5959686248881686,0.5859239741132217,80.64,5.3737,0.085,130.9,0.0,0.0
2024-06-21,3.5833333333333335,3.14785,5.990860215053763,5.350737096774193,5.265087958004528,0.5981333572646506,0.5883021241872918,85.04,5.43042,0.085,130.9,0.0,0.0
2024-06-28,3.5366129032258065,3.1051008064516132,5.971100917431193,5.332657339449542,5.345060722827828,0.5922882483699975,0.5822802045578527,86.72,5.4841,0.085,130.9,0.0,0.0
2024-07-05,3.6331481481481482,3.1934305555555556,5.850941176470588,5.222711176470588,5.333037731982357,0.6209510638662309,0.6114507288748097,88.02,5.564839999999999,0.085,130.9,0.0,0.0
2024-07-12,3.7652112676056335,3.314268309859155,5.997477477477478,5.356791891891893,5.280580894424869,0.6277991508505457,0.6187039513100505,86.8,5.434060000000001,0.085,130.9,0.0,0.0
2024-07-19,3.8132142857142854,3.358191071428571,6.0877380952380955,5.439380357142857,5.363022465993881,0.6263762050961142,0.6173848583724577,86.05,5.48952,0.085,130.9,0.0,0.0
2024-07-26,3.718166666666667,3.2712225000000004,6.0167346938775506,5.374412244897959,5.4074777761556865,0.6179708522714426,0.6086660923909288,82.52,5.61236,0.085,130.9,0.0,0.0
2024-08-02,3.631818181818182,3.1922136363636366,5.98289156626506,5.34344578313253,5.336233757427412,0.6070339302648297,0.5974073221516323,80.26,5.673579999999999,0.085,130.9,0.0,0.0
2024-08-09,3.8563636363636364,3.3976727272727274,6.129186046511628,5.477305232558139,5.311936449865343,0.629180384980882,0.6203183103757515,78.84,5.63108,0.085,130.9,0.0,0.0
2024-08-16,3.8066666666666666,3.3522000000000003,6.060425531914893,5.414389361702128,5.419520077303577,0.628118709919019,0.6191279895220105,82.47,5.47142,0.085,130.9,0.0,0.0
2024-08-23,3.7603636363636364,3.3098327272727275,6.087469879518072,5.439134939759036,5.394103839422464,0.6177219289438741,0.60852189988494,79.57,5.4855599999999995,0.085,130.9,0.0,0.0
2024-08-30,3.7018181818181817,3.256263636363636,6.03952380952381,5.395264285714287,5.4252989814646595,0.6129321281887709,0.60354108045933,80.83,5.5625,0.085,130.9,0.0,0.0
2024-09-06,3.6267272727272726,3.1875554545454543,6.02360465116279,5.380698255813954,5.405429005923718,0.6020858742824653,0.5924055397645158,75.25,5.61128,0.085,130.9,0.0,0.0
2024-09-13,3.8244155844155845,3.36844025974026,6.2153846153846155,5.556176923076924,5.371735198769552,0.6153143885817153,0.6062514398614345,72.1,5.6201799999999995,0.085,130.9,0.0,0.0
2024-09-20,3.788571428571429,3.3356428571428576,6.16296875,5.50821640625,5.483196145609411,0.6147315656227251,0.60557585452852,74.98,5.47896,0.085,130.9,0.0,0.0
2024-09-27,3.708701298701299,3.2625616883116884,6.15,5.496350000000001,5.485522286853568,0.603040861577447,0.5935869601302114,74.07,5.47454,0.085,130.9,0.0,0.0
2024-10-04,3.6689610389610388,3.2261993506493507,6.144573643410853,5.491384883720931,5.458004327129722,0.5971058777846137,0.587501954236232,75.88,5.456860000000001,0.085,130.9,0.0,0.0
2024-10-11,3.615324675324675,3.177122077922078,6.13007874015748,5.478122047244094,5.496756283493141,0.5897680647462284,0.5799655521585921,79.34,5.55284,0.085,130.9,0.0,0.0
2024-10-18,3.7534722222222223,3.3035270833333334,6.1651260504201675,5.510190336134453,5.520452382359484,0.6088232732835064,0.5995304847583263,74.58,5.65204,0.085,130.9,0.0,0.0
2024-10-25,3.771052631578948,3.319613157894737,6.17111111111111,5.515666666666666,5.511263777478018,0.6110816291719577,0.6018516633640063,74.69,5.70462,0.085,130.9,0.0,0.0
2024-11-01,3.798356164383562,3.344595890410959,6.153305785123966,5.49937479338843,5.508473680726185,0.6172870806398644,0.6081774776347244,72.61,5.75562,0.085,130.9,0.0,0.0
2024-11-08,3.7564615384615387,3.306262307692308,6.135142857142857,5.482755714285714,5.485301678083881,0.6122859118248678,0.6030292940240988,75.63,5.75328,0.085,130.9,0.0,0.0
2024-11-15,3.870625,3.410721875,6.1970370370370365,5.5393888888888885,5.471967755032573,0.6245928460435095,0.6157216876109479,72.89,5.7818000000000005,0.085,130.9,0.0,0.0
2024-11-22,3.9133846153846155,3.4498469230769233,6.2190990990990995,5.559575675675676,5.5305156299306,0.6292526542874207,0.6205234219889723,74.84,5.791075,0.085,130.9,0.0,0.0
2024-11-29,3.9196923076923076,3.4556184615384615,6.243055555555555,5.581495833333333,5.557509902743509,0.6278483785402584,0.6191204947070124,74.16,5.8937800000000005,0.085,130.9,0.0,0.0
2024-12-06,4.035333333333333,3.5614299999999997,6.225252525252524,5.5652060606060605,5.576596659874645,0.6482200227162097,0.6399457560448631,73.97,6.0412799999999995,0.085,130.9,0.0,0.0
2024-12-13,3.984857142857143,3.515244285714286,6.218141592920354,5.558699557522123,5.558010510813285,0.6408437445995263,0.6323860912679476,74.03,6.02454,0.085,130.9,0.0,0.0
2024-12-20,3.965,3.497075,6.257209302325581,5.594446511627908,5.569245303198387,0.6336690700958894,0.6250975843153426,73.79,6.128780000000001,0.085,130.9,0.0,0.0
2024-12-27,3.9525352112676058,3.4856697183098593,6.216140350877193,5.5568684210526325,5.586299782210511,0.6358503811307674,0.6272723149434537,73.13,6.17,0.085,130.9,0.0,0.0
2025-01-03,3.960758547008547,3.4123945961538467,6.212960784313726,5.427214717647059,5.564895689795371,0.63749936375078,0.6287561435625809,75.42,6.187375,0.1054,130.9,0.0,0.0
2025-01-10,3.965526315789474,3.4166598421052634,6.2716935483870975,5.479757048387098,5.471086447644288,0.6322895538812312,0.6235057160263915,78.14,6.10084,0.1054,130.9,0.0,0.0
2025-01-17,4.076315789473685,3.5157721052631588,6.28248,5.4894066079999995,5.512262453028933,0.6488386416627964,0.6404648728588332,82.79,6.061159999999999,0.1054,130.9,0.0,0.0
2025-01-24,4.088421052631579,3.5266014736842113,6.311384615384616,5.515264676923078,5.531475894643764,0.6477851219311931,0.6394256087908503,79.92,5.97872,0.1054,130.9,0.0,0.0
2025-01-31,4.209078947368421,3.6345420263157897,6.378625954198474,5.575418778625956,5.535290208754227,0.6598723577133355,0.6518868215333434,77.37,5.882099999999999,0.1054,130.9,0.0,0.0
2025-02-07,4.238378378378378,3.6607532972972976,6.452890625,5.641855953125001,5.571865637097859,0.656818567783857,0.6488562146414996,75.4,5.800479999999999,0.1054,130.9,0.0,0.0
2025-02-14,4.283157894736842,3.7008130526315792,6.464227642276423,5.651998048780488,5.603413903656875,0.66259391403928,0.6547796054936874,76.01,5.7675600000000005,0.1054,130.9,0.0,0.0
2025-02-21,4.161866666666667,3.5923059200000003,6.474031007751938,5.660768139534884,5.598125520956252,0.6428555349338442,0.6345969012423041,76.09,5.70434,0.1054,130.9,0.0,0.0
2025-02-28,4.152533333333333,3.5839563200000004,6.46584,5.653440464000001,5.623242913936535,0.6422264289455559,0.6339425245250093,74.25,5.7902000000000005,0.1054,130.9,0.0,0.0
2025-03-07,4.267894736842106,3.687158631578948,6.461102362204724,5.649202173228346,5.638902528468667,0.6605521004910639,0.6526866128198505,71.93,5.7697,0.1054,130.9,0.0,0.0
2025-03-14,4.203289473684211,3.629362763157895,6.39703125,5.59188415625,5.629445008688855,0.6570687729068403,0.6490411213367838,71.54,5.80188,0.1054,130.9,0.0,0.0
2025-03-21,4.144,3.5763224000000005,6.393492063492064,5.588718000000002,5.5778724296832065,0.6481590903448446,0.6399182066441712,72.21,5.6892,0.1054,130.9,0.0,0.0
2025-03-28,4.107792207792208,3.5439309090909097,6.35923076923077,5.558067846153847,5.57523357868748,0.6459574053622681,0.6376192243754798,74.35,5.73654,0.1054,130.9,0.0,0.0
2025-04-04,4.028026315789473,3.472572342105263,6.3024603174603175,5.507281000000001,5.57273868875201,0.639119663257576,0.6305420664217538,74.64,5.7048000000000005,0.1054,130.9,0.0,0.0
2025-04-11,4.160263157894737,3.590871421052632,6.375772357723577,5.572865951219512,5.535252229496345,0.6525112448305993,0.6443491468275565,66.1,5.93404,0.1054,130.9,0.0,0.0
2025-04-18,4.063421052631579,3.5042364736842107,6.2955038759689925,5.501057767441861,5.541912614919193,0.6454481059319727,0.6370113934131207,67.76,5.862475,0.1054,130.9,0.0,0.0
2025-04-25,4.053376623376623,3.4952507272727273,6.282380952380953,5.489318000000001,5.480673856354846,0.645197522101941,0.6367367908495604,67.92,5.699,0.1054,130.9,0.0,0.0
2025-05-02,4.158026315789473,3.5275703421052627,6.330887096774194,5.471411596774194,5.459769228188741,0.6567841523991372,0.6447276502073119,63.5,5.6537500000000005,0.1054,192.2,0.0,0.0
2025-05-09,4.084666666666667,3.4619428000000005,6.312601626016261,5.455053414634148,5.422157158061453,0.6470654903728508,0.634630412731198,62.29,5.68952,0.1054,192.2,0.0,0.0
2025-05-16,4.031408450704226,3.4142980000000005,6.266910569105692,5.414178195121952,5.436483930811913,0.6432848221224131,0.6306216524377057,65.54,5.64874,0.1054,192.2,0.0,0.0
2025-05-23,4.015194805194805,3.399793272727273,6.29349593495935,5.437961463414635,5.406250647403285,0.637991165274462,0.62519627908368,65.86,5.6620800000000004,0.1054,192.2,0.0,0.0
2025-05-30,3.987837837837838,3.37531972972973,6.229098360655738,5.3803513934426235,5.418299318614845,0.6401950341683219,0.6273418747042149,64.74,5.6748,0.1054,192.2,0.0,0.0
2025-06-06,3.9696153846153845,3.359017923076923,6.238449612403101,5.388717023255815,5.393801866649992,0.6363144100295549,0.6233427935778736,67.18,5.63758,0.1054,192.2,0.0,0.0
2025-06-13,3.9135064935064934,3.308822909090909,6.20536,5.359115056,5.415262041778122,0.630665504258656,0.617419643824663,71.05,5.55494,0.1054,192.2,0.0,0.0
2025-06-20,3.992763157894737,3.3797259210526316,6.212301587301587,5.365325,5.3914396454960745,0.6427188219670864,0.6299200740034633,78.25,5.4933,0.1054,192.2,0.0,0.0
2025-06-27,3.8994594594594596,3.2962564324324326,6.191166666666667,5.346417700000001,5.4275650859385065,0.6298424302569994,0.6165355229226538,69.96,5.50964,0.1054,192.2,0.0,0.0
2025-07-04,3.8660772833723653,3.2663927377049182,6.238647959183673,5.388894464285714,5.369519675549671,0.6196979391474177,0.6061341077196009,69.61,5.43784,0.1054,192.2,0.0,0.0
2025-07-11,3.867402597402598,3.267578363636364,6.189760000000001,5.345159296000001,5.388348806977517,0.6248065510460176,0.6113154319052053,71.77,5.49808,0.1054,192.2,0.0,0.0
2025-07-18,3.7656,3.17650576,6.0992,5.264144320000001,5.347373784321396,0.617392444910808,0.6034230003785306,70.66,5.56192,0.1054,192.2,0.0,0.0
2025-07-25,3.9781428571428576,3.3666466000000006,6.223084112149532,5.374971046728972,5.246744383291273,0.6392558392993914,0.6263562297789175,70.09,5.55072,0.1054,192.2,0.0,0.0
2025-08-01,3.976285714285715,3.3649852000000005,6.226517857142857,5.378042875000001,5.357544251150377,0.6386050446678234,0.6256895451024086,72.41,5.58264,0.1054,192.2,0.0,0.0
2025-08-08,3.9742253521126765,3.3631420000000003,6.215137614678899,5.367862110091744,5.375972047678617,0.6394428568607008,0.6265328600146399,68.17,5.4785200000000005,0.1054,192.2,0.0,0.0
2025-08-15,4.096619718309859,3.472636,6.321284403669725,5.462821027522937,5.340930300396785,0.6480676167539036,0.6356854787122018,67.17,5.4095200000000006,0.1054,192.2,0.0,0.0
2025-08-22,4.114057971014493,3.488236260869565,6.3303738317757015,5.470952429906543,5.431462903138219,0.6498917884381054,0.637592138765709,67.82,5.45634,0.1054,192.2,0.0,0.0
2025-08-29,4.136231884057971,3.508073043478261,6.342844036697247,5.482108275229359,5.4530010482828315,0.652109977815524,0.6399131260010532,67.77,5.42398,0.1054,192.2,0.0,0.0
2025-09-05,4.2211428571428575,3.5840344000000006,6.354954128440366,5.492941963302752,5.4465129575763225,0.6642286902201151,0.6524799322374455,66.85,5.44196,0.1054,192.2,0.0,0.0
2025-09-12,4.232571428571428,3.5942583999999997,6.348888888888888,5.487516,5.4839159048707335,0.6666633331666584,0.6549882314693933,67.23,5.40428,0.1054,192.2,0.0,0.0
2025-09-19,4.289714285714285,3.6453784,6.3584905660377355,5.496105660377359,5.493364712225555,0.6746434930055107,0.6632657058033543,68.33,5.3120199999999995,0.1054,192.2,0.0,0.0
2025-09-26,4.314857142857143,3.6678712,6.389909090909091,5.524212672727273,5.504881946153866,0.6752611158421455,0.6639627069587805,69.22,5.33004,0.1054,192.2,0.0,0.0
2025-10-03,4.311428571428571,3.664804,6.384953271028037,5.519779196261682,5.5248058757876795,0.6752482576484685,0.6639403261786305,67.15,5.3314,0.1054,192.2,0.0,0.0
2025-10-10,4.321492537313433,3.673807223880597,6.387196261682242,5.521785775700935,5.5265016004035346,0.6765867777132074,0.6653295461130497,66.65,5.36,0.1054,192.2,0.0,0.0
2025-10-17,4.332352941176471,3.6835229411764714,6.412264150943397,5.544211509433963,5.523079168619766,0.675635444703113,0.6643907677238925,62.36,5.45638,0.1054,192.2,0.0,0.0
2025-10-24,4.312112676056338,3.665416,6.371651376146789,5.507879321100918,5.5188837469896574,0.6767653189876903,0.6654858950808229,63.22,5.3830800000000005,0.1054,192.2,0.0,0.0
2025-10-31,4.306056338028169,3.659998,6.319326923076924,5.461069865384617,5.494533148015896,0.6814105980659599,0.670197981388072,65.02,5.3708599999999995,0.1054,192.2,0.0,0.0
2025-11-07,4.333275862068965,3.6843485862068963,6.418105263157895,5.549436968421054,5.465186027818285,0.6751643490398078,0.663913944274455,64.3,5.36334,0.1054,192.2,0.0,0.0
2025-11-14,4.36,3.7082560000000004,6.405826086956521,5.538452017391305,5.531627370009868,0.6806304043873106,0.6695473732291438,62.87,5.29134,0.1054,192.2,0.0,0.0
2025-11-21,4.397012987012987,3.741367818181818,6.407886178861788,5.540294975609756,5.541399378148389,0.6861877480779495,0.6753011950902577,63.64,5.342925,0.1054,192.2,0.0,0.0
2025-11-28,4.403333333333333,3.7470220000000003,6.407280701754385,5.539753315789474,5.54318307197049,0.687239023588845,0.6763878798213255,64.38,5.36622,0.1054,192.2,0.0,0.0
2025-12-05,4.414868421052631,3.757341289473684,6.4168032786885245,5.548272213114755,5.54203721397347,0.6880167942369816,0.6772092545481547,63.98,5.3281,0.1054,192.2,0.0,0.0
2025-12-12,4.438550724637681,3.778527478260869,6.418679245283019,5.549950452830189,5.549375800693265,0.6915053011722775,0.6808218398299419,62.6,5.43446,0.1054,192.2,0.0,0.0
2025-12-19,4.42421052631579,3.7656987368421055,6.408547008547008,5.540886153846154,5.550517121805528,0.6903609383554914,0.679620304818604,60.83,5.4794,0.1054,192.2,0.0,0.0
2025-12-26,4.436835443037975,3.7769929873417722,6.42392,5.554638832,5.530518582322388,0.6906741433638611,0.6799709398895032,63.21,5.544875,0.1054,192.2,0.0,0.0
2026-01-02,4.476533333333333,3.8125067200000005,6.439262295081967,5.568364049180328,5.55489123085522,0.6951935063667647,0.6846726769887123,62.18,5.503975,0.1054,192.2,0.0,0.0
2026-01-09,4.547820512820513,3.8762802307692312,6.512,5.6334352,5.559464265031643,0.698375385875386,0.6880846398604588,62.93,5.3919,0.1054,192.2,0.0,0.0
2026-01-16,4.558181818181819,3.885549454545455,6.539705882352941,5.658220882352941,5.623238364340905,0.6970010425823334,0.6867086908296288,67.0,5.37926,0.1054,192.2,0.0,0.0
2026-01-23,4.525352112676057,3.8561800000000006,6.465238095238096,5.591602000000001,5.681883805261434,0.6999513468822065,0.6896377818020667,66.99,5.33616,0.1054,192.2,0.0,0.0
2026-01-30,4.501355932203389,3.8347130169491526,6.469673913043478,5.595570282608697,5.61381748268804,0.6957624128672432,0.6853122779759601,70.43,5.22494,0.1054,192.2,0.0,0.0
2026-02-06,4.544520547945205,3.873328082191781,6.509914529914529,5.631569538461538,5.653094740132837,0.6980921987626881,0.6877883786639554,69.84,5.24206,0.1054,192.2,0.0,0.0
2026-02-13,4.631168831168831,3.950843636363637,6.503884297520662,5.626174892561985,5.666380549233164,0.7120619954654288,0.7022255283224133,70.7,5.19524,0.1054,192.2,0.0,0.0
2026-02-20,4.627922077922078,3.9479390909090912,6.507416666666667,5.6293349500000005,5.6345862304752155,0.711176541319071,0.7013153642437089,71.66,5.2204,0.1054,192.2,0.0,0.0
2026-02-27,4.634285714285714,3.9536320000000003,6.504065040650406,5.626336585365854,5.639347505119924,0.7125214285714286,0.702700938703779,71.36,5.15268,0.1054,192.2,0.0,0.0
2026-03-06,4.616666666666667,3.9378700000000006,6.521570247933885,5.641996743801654,5.628502476045201,0.7079072203706286,0.6979568012558991,85.28,5.24574,0.1054,192.2,0.0,0.0
2026-03-13,4.6390625,3.9579053125,6.662871287128714,5.768404653465348,5.7056773592621495,0.6962557582286945,0.6861351708608554,96.16,5.198980000000001,0.1054,192.2,0.0,0.0
2026-03-20,4.658933333333334,3.97568176,6.754137931034483,5.850051793103449,5.845358333450371,0.6897894862238559,0.6795977028249357,111.4,5.24336,0.1054,192.2,0.0,0.0
2026-03-27,4.620294117647059,3.9411151176470587,6.8678640776699025,5.951791203883496,5.975972126359959,0.6727410538990473,0.6621729463687357,111.24,5.23996,0.1054,192.2,0.0,0.0
2026-04-03,4.628913043478261,3.948825608695652,6.871780821917808,5.955295123287671,6.077318451557802,0.6736118574553726,0.6630780720260374,123.94,5.1952,0.1054,192.2,0.0,0.0
2026-04-10,,,6.871780821917808,5.955295123287671,6.0509417699143535,,,124.61,5.10212,0.1054,192.2,0.0,0.0
2026-04-17,,,6.871780821917808,5.955295123287671,6.006072780168874,,,114.43,4.9936,0.1054,192.2,0.0,0.0
2026-04-24,,,6.871780821917808,5.955295123287671,5.918461852943485,,,109.62,4.977975,0.1054,192.2,0.0,0.0
2026-05-01,,,6.871780821917808,5.955295123287671,5.909864523187239,,,109.62,4.985433333333333,0.1054,192.2,0.0,0.0
