date,cepea_ethanol_mt_m3,anp_ethanol_mt_l,anp_gasoline_mt_l,cepea_ethanol_mt_net_m3,anp_ethanol_mt_net_l,anp_gasoline_mt_net_l,brent_usd_bbl,usd_brl,icms_rate,pis_cofins_m3,freight_m3,margin_m3
2021-04-30,3176.32,3.7630166666666667,5.477972067039106,2648.38,3.1617395833333335,4.662325558659218,66.96,5.41386,0.125,130.9,0.0,0.0
2021-05-07,3405.67,3.7419098360655734,5.492037037037036,2849.06125,3.1432711065573766,4.674632407407406,68.99,5.35156,0.125,130.9,0.0,0.0
2021-05-14,3570.83,3.858878048780488,5.6422,2993.5762499999996,3.2456182926829267,4.806025,68.73,5.24998,0.125,130.9,0.0,0.0
2021-05-21,3644.94,4.110848484848485,5.71878391959799,3058.4225,3.466092424242424,4.873035929648241,67.48,5.2819400000000005,0.125,130.9,0.0,0.0
2021-05-28,3620.46,4.09815671641791,5.721908653846153,3037.0025,3.4549871268656713,4.875770072115383,69.02,5.292520000000001,0.125,130.9,0.0,0.0
2021-06-04,3630.86,4.342540740740741,5.73777990430622,3046.1025,3.6688231481481486,4.8896574162679425,70.66,5.144275,0.125,130.9,0.0,0.0
2021-06-11,3617.82,4.163097087378641,5.7589503105590065,3034.6925,3.5118099514563106,4.908181521739131,71.46,5.0668999999999995,0.125,130.9,0.0,0.0
2021-06-18,3574.19,4.073933333333334,5.737685,2996.51625,3.433791666666667,4.8895743750000005,73.11,5.04922,0.125,130.9,0.0,0.0
2021-06-25,3483.65,4.0506029411764715,5.7438,2917.29375,3.4133775735294125,4.894925000000001,75.41,4.97106,0.125,130.9,0.0,0.0
2021-07-02,3443.57,4.258152278177458,5.900621495327103,2882.22375,3.5949832434052755,5.032143808411215,76.26,4.9848,0.125,130.9,0.0,0.0
2021-07-09,3505.35,4.080744360902256,5.881691542288557,2936.28125,3.439751315789474,5.015580099502488,76.13,5.19404,0.125,130.9,0.0,0.0
2021-07-16,3565.3,4.17385,6.0647142857142855,2988.7375,3.5212187499999996,5.175725,75.8,5.1366,0.125,130.9,0.0,0.0
2021-07-23,3573.6,4.14881746031746,5.980474226804124,2996.0,3.4993152777777774,5.102014948453608,72.2,5.21276,0.125,130.9,0.0,0.0
2021-07-30,3630.31,4.052700854700855,5.963005649717514,3045.6212499999997,3.4152132478632478,5.086729943502824,75.75,5.13914,0.125,130.9,0.0,0.0
2021-08-06,3729.19,4.104181818181818,5.961297872340425,3132.14125,3.4602590909090907,5.085235638297872,72.26,5.196160000000001,0.125,130.9,0.0,0.0
2021-08-13,3851.57,4.262962121212121,5.962843137254902,3239.22375,3.599191856060606,5.08658774509804,71.09,5.23658,0.125,130.9,0.0,0.0
2021-08-20,3926.24,4.358421052631579,5.992061135371179,3304.56,3.682718421052632,5.112153493449782,68.08,5.33118,0.125,130.9,0.0,0.0
2021-08-27,3947.5,4.561464788732394,6.1633349282296646,3323.1625,3.8603816901408448,5.262018062200957,71.02,5.27594,0.125,130.9,0.0,0.0
2021-09-03,3970.82,4.566114093959731,6.15271615720524,3343.5675,3.8644498322147647,5.252726637554584,73.02,5.16762,0.125,130.9,0.0,0.0
2021-09-10,3984.23,4.58363870967742,6.175185344827586,3355.30125,3.8797838709677426,5.272387176724138,72.01,5.231999999999999,0.125,130.9,0.0,0.0
2021-09-17,4004.54,4.6054545454545455,6.20546186440678,3373.0724999999998,3.898872727272727,5.298879131355932,74.13,5.25446,0.125,130.9,0.0,0.0
2021-09-24,4005.95,4.587606451612903,6.184042735042735,3374.3062499999996,3.8832556451612903,5.280137393162393,75.32,5.3097,0.125,130.9,0.0,0.0
2021-10-01,4001.71,4.556363057324841,6.1644806866952795,3370.59625,3.855917675159236,5.26302060085837,78.44,5.40324,0.125,130.9,0.0,0.0
2021-10-08,4022.88,4.562276729559748,6.1786056910569105,3389.12,3.86109213836478,5.275379979674797,82.01,5.48272,0.125,130.9,0.0,0.0
2021-10-15,4100.31,4.596246666666667,6.281964601769912,3456.87125,3.8908158333333334,5.365819026548673,83.87,5.5032499999999995,0.125,130.9,0.0,0.0
2021-10-22,4226.09,4.841822784810127,6.442931330472103,3566.92875,4.105694936708861,5.506664914163089,84.98,5.596500000000001,0.125,130.9,0.0,0.0
2021-10-29,4436.82,4.973727848101266,6.615319672131148,3751.3174999999997,4.221111867088608,5.657504713114754,84.12,5.599880000000001,0.125,130.9,0.0,0.0
2021-11-05,4676.01,5.1555534591194965,6.749158333333333,3960.60875,4.380209276729559,5.774613541666666,82.52,5.6190750000000005,0.125,130.9,0.0,0.0
2021-11-12,4727.4,5.358197452229299,6.820020576131688,4005.5749999999994,4.557522770700636,5.836618004115227,83.39,5.470879999999999,0.125,130.9,0.0,0.0
2021-11-19,4697.67,5.515724358974359,6.834237068965517,3979.56125,4.695358814102564,5.849057435344827,81.63,5.520474999999999,0.125,130.9,0.0,0.0
2021-11-26,4455.69,5.456427672955975,6.8273909465020575,3767.8287499999997,4.643474213836479,5.8430670781893,80.24,5.59858,0.125,130.9,0.0,0.0
2021-12-03,4353.64,5.206653333333334,6.736767543859649,3678.5350000000003,4.424921666666666,5.7637716008771935,71.0,5.62524,0.125,130.9,0.0,0.0
2021-12-10,4157.82,5.060218543046357,6.742212765957447,3507.1924999999997,4.296791225165562,5.768536170212766,74.79,5.6112400000000004,0.125,130.9,0.0,0.0
2021-12-17,4143.79,4.874493421052631,6.662925,3494.9162499999998,4.134281743421052,5.699159375000001,73.76,5.677339999999999,0.125,130.9,0.0,0.0
2021-12-24,4135.61,4.715061643835616,6.588570135746607,3487.7587499999995,3.994778938356164,5.634098868778281,73.91,5.702579999999999,0.125,130.9,0.0,0.0
2021-12-31,4134.13,4.69768456375839,6.569603524229075,3486.46375,3.9795739932885916,5.617503083700441,78.16,5.62634,0.125,130.9,0.0,0.0
2022-01-07,4121.36,4.661869918699186,6.583631578947369,3475.2899999999995,3.9482361788617877,5.629777631578948,80.5,5.67016,0.125,130.9,0.0,0.0
2022-01-14,4117.88,4.693071428571429,6.556376146788991,3472.245,3.9755375,5.605929128440367,85.07,5.58586,0.125,130.9,0.0,0.0
2022-01-21,4060.32,4.882260273972602,6.589330357142857,3421.88,4.141077739726027,5.6347640625,89.16,5.476319999999999,0.125,130.9,0.0,0.0
2022-01-28,4008.02,4.806315789473684,6.5530952380952385,3376.1175,4.074626315789473,5.603058333333333,90.12,5.43942,0.125,130.9,0.0,0.0
2022-02-04,3856.07,4.680140845070423,6.519772727272727,3243.16125,3.96422323943662,5.573901136363636,92.77,5.3129800000000005,0.125,130.9,0.0,0.0
2022-02-11,3726.28,4.562866666666666,6.4497379912663755,3129.5950000000003,3.8616083333333333,5.512620742358079,96.43,5.2486999999999995,0.125,130.9,0.0,0.0
2022-02-18,3690.37,4.4391240875912406,6.433440366972477,3098.17375,3.7533335766423357,5.498360321100918,97.8,5.17042,0.125,130.9,0.0,0.0
2022-02-25,3645.2,4.310891719745223,6.356708333333333,3058.6499999999996,3.6411302547770705,5.431219791666667,99.36,5.08638,0.125,130.9,0.0,0.0
2022-03-04,3646.83,4.2359285714285715,6.337725118483412,3060.0762499999996,3.5755375,5.414609478672986,114.43,5.086133333333334,0.125,130.9,0.0,0.0
2022-03-11,3773.39,4.207352941176471,6.467305936073059,3170.81625,3.5505338235294124,5.527992694063926,122.29,5.04688,0.125,130.9,0.0,0.0
2022-03-18,4188.15,4.6219166666666665,7.063206521739131,3533.7312499999994,3.9132770833333335,6.049405706521739,109.59,5.0884599999999995,0.125,130.9,0.0,0.0
2022-03-25,4158.65,4.791570247933884,7.027431693989071,3507.9187499999994,4.061723966942148,6.018102732240436,123.6,4.86854,0.125,130.9,0.0,0.0
2022-04-01,4175.97,5.064575163398692,7.078978723404255,3523.07375,4.300603267973855,6.0632063829787235,111.26,4.745,0.125,130.9,0.0,0.0
2022-04-08,4265.91,4.939846153846154,7.046666666666667,3601.77125,4.191465384615384,6.034933333333333,103.33,4.689539999999999,0.125,130.9,0.0,0.0
2022-04-15,4436.75,4.9609448818897635,7.062857142857143,3751.25625,4.209926771653542,6.049100000000001,105.42,4.686925,0.125,130.9,0.0,0.0
2022-04-22,4460.57,5.163597122302158,7.113318181818182,3772.0987499999997,4.387247482014388,6.093253409090909,105.72,4.678325,0.125,130.9,0.0,0.0
2022-04-29,4407.2,4.969478260869566,7.028406593406594,3725.3999999999996,4.21739347826087,6.01895576923077,103.92,4.95904,0.125,130.9,0.0,0.0
2022-05-06,4186.75,4.9965573770491805,7.083333333333333,3532.50625,4.2410877049180336,6.067016666666666,110.36,5.02654,0.125,130.9,0.0,0.0
2022-05-13,4149.55,4.9580769230769235,7.094728033472804,3499.95625,4.2074173076923085,6.076987029288704,107.43,5.13062,0.125,130.9,0.0,0.0
2022-05-20,4126.2,4.823795620437957,7.083820754716981,3479.5249999999996,4.089921167883212,6.067443160377358,112.93,4.9581800000000005,0.125,130.9,0.0,0.0
2022-05-27,4034.0,4.81525925925926,7.045141509433962,3398.85,4.082451851851852,6.033598820754717,117.66,4.79678,0.125,130.9,0.0,0.0
2022-06-03,3912.73,4.950506329113924,7.105720164609053,3292.73875,4.200793037974684,6.086605144032921,124.11,4.7621,0.125,130.9,0.0,0.0
2022-06-10,3859.79,4.901006289308176,7.096938775510204,3246.4162499999998,4.1574805031446544,6.078921428571428,127.4,4.88492,0.125,130.9,0.0,0.0
2022-06-17,3790.83,4.6833757961783435,7.035,3186.0762499999996,3.9670538216560502,6.024725,125.08,5.1167,0.125,130.9,0.0,0.0
2022-06-24,3739.98,4.5494771241830065,7.14844262295082,3422.0817,4.162771568627451,6.540825000000001,116.83,5.17558,0.085,0.0,0.0,0.0
2022-07-01,3546.32,4.292704402515723,6.9445643153526975,3244.8828000000003,3.9278245283018864,6.354276348547718,120.34,5.24366,0.085,0.0,0.0,0.0
2022-07-08,3448.3450000000003,4.078095238095238,6.40534188034188,3155.2356750000004,3.731457142857143,5.86088782051282,113.64,5.35968,0.085,0.0,0.0,0.0
2022-07-15,3379.42,3.9762893081761006,6.0905577689243025,3092.1693,3.638304716981132,5.572860358565737,109.8,5.40342,0.085,0.0,0.0,0.0
2022-07-22,3315.99,3.911548387096774,5.937364016736401,3034.13085,3.5790667741935485,5.432688075313807,113.53,5.42278,0.085,0.0,0.0,0.0
2022-07-29,3297.42,3.9719607843137257,5.841795918367347,3017.1393000000003,3.6343441176470592,5.345243265306123,109.28,5.29718,0.085,0.0,0.0,0.0
2022-08-05,3291.43,3.7692413793103445,5.661964285714285,3011.65845,3.4488558620689655,5.180697321428571,102.54,5.2271,0.085,0.0,0.0,0.0
2022-08-12,3201.46,3.7242038216560513,5.589336099585062,2929.3359,3.4076464968152873,5.114242531120333,104.64,5.10236,0.085,0.0,0.0,0.0
2022-08-19,3047.58,3.6603424657534243,5.424525862068966,2788.5357,3.3492133561643835,4.963441163793104,96.73,5.15566,0.085,0.0,0.0,0.0
2022-08-26,2867.6,3.574193548387097,5.308559322033898,2623.854,3.2703870967741935,4.857331779661017,98.87,5.1173,0.085,0.0,0.0,0.0
2022-09-02,2652.63,3.3934666666666664,5.187709251101321,2427.1564500000004,3.105022,4.746753964757709,95.31,5.1344,0.085,0.0,0.0,0.0
2022-09-09,2501.01,3.181032258064516,5.116135458167331,2288.4241500000003,2.9106445161290324,4.681263944223108,90.43,5.19255,0.085,0.0,0.0,0.0
2022-09-16,2489.4,3.033211678832117,4.988119266055047,2277.8010000000004,2.7753886861313872,4.564129128440368,91.41,5.19688,0.085,0.0,0.0,0.0
2022-09-23,2574.84,,4.988119266055047,2355.9786000000004,,4.564129128440368,88.54,5.19396,0.085,0.0,0.0,0.0
2022-09-30,2586.57,2.8183333333333334,4.80962962962963,2366.7115500000004,2.5787750000000003,4.400811111111112,87.28,5.37264,0.085,0.0,0.0,0.0
2022-10-07,2666.72,2.9726315789473685,4.877241379310345,2440.0488,2.7199578947368424,4.4626758620689655,94.66,5.19574,0.085,0.0,0.0,0.0
2022-10-14,2785.35,3.0002857142857144,4.872,2548.59525,2.7452614285714287,4.45788,94.62,5.24625,0.085,0.0,0.0,0.0
2022-10-21,2888.75,3.121111111111111,4.915636363636364,2643.20625,2.8558166666666667,4.497807272727273,91.04,5.24626,0.085,0.0,0.0,0.0
2022-10-28,2878.77,3.2636363636363637,4.937222222222222,2634.0745500000003,2.9862272727272727,4.517558333333334,93.01,5.3107999999999995,0.085,0.0,0.0,0.0
2022-11-04,2948.72,3.2765714285714287,4.975272727272727,2698.0788,2.9980628571428576,4.552374545454545,95.86,5.144475,0.085,0.0,0.0,0.0
2022-11-11,3013.93,3.5088,5.055308641975309,2757.74595,3.210552,4.625607407407408,96.08,5.207479999999999,0.085,0.0,0.0,0.0
2022-11-18,3012.56,3.4896969696969697,5.012407407407408,2756.4924,3.1930727272727273,4.586352777777778,92.09,5.358725,0.085,0.0,0.0,0.0
2022-11-25,3037.63,3.6570000000000005,5.164123711340206,2779.43145,3.3461550000000004,4.725173195876289,86.4,5.3437,0.085,0.0,0.0,0.0
2022-12-02,3041.74,3.6865671641791047,5.159134615384615,2783.1920999999998,3.373208955223881,4.720608173076923,85.03,5.2747,0.085,0.0,0.0,0.0
2022-12-09,2990.62,3.693230769230769,5.149811320754717,2736.4173,3.3793061538461537,4.712077358490566,78.56,5.2311,0.085,0.0,0.0,0.0
2022-12-16,2920.18,3.663235294117647,5.064716981132076,2671.9647,3.351860294117647,4.6342160377358494,80.8,5.3026,0.085,0.0,0.0,0.0
2022-12-23,2976.9,3.606865671641791,5.013518518518519,2723.8635000000004,3.300282089552239,4.5873694444444455,80.68,5.21868,0.085,0.0,0.0,0.0
2022-12-30,3087.17,3.5897014925373134,4.972788461538461,2824.76055,3.284576865671642,4.550101442307692,81.83,5.23588,0.085,0.0,0.0,0.0
2023-01-06,3015.32,3.6710169491525426,5.094795918367347,2759.0178,3.3589805084745765,4.661738265306123,77.2,5.3707,0.085,0.0,0.0,0.0
2023-01-13,2943.43,3.6482352941176472,5.085765765765766,2693.23845,3.3381352941176474,4.653475675675676,80.61,5.19856,0.085,0.0,0.0,0.0
2023-01-20,2895.0,3.5320000000000005,4.994725274725274,2648.925,3.2317800000000005,4.570173626373626,84.57,5.14714,0.085,0.0,0.0,0.0
2023-01-27,2839.89,3.399245283018868,4.939156626506024,2598.49935,3.1103094339622643,4.519328313253012,85.9,5.12756,0.085,0.0,0.0,0.0
2023-02-03,2856.19,3.5887878787878784,5.177129629629629,2613.4138500000004,3.283740909090909,4.737073611111111,81.87,5.07208,0.085,0.0,0.0,0.0
2023-02-10,2841.97,3.460806451612903,5.109100000000001,2600.40255,3.1666379032258063,4.674826500000001,83.3,5.2067,0.085,0.0,0.0,0.0
2023-02-17,2871.36,3.3993220338983052,5.068631578947368,2627.2944,3.1103796610169496,4.637797894736842,84.17,5.20056,0.085,0.0,0.0,0.0
2023-02-24,2901.12,3.338490566037736,5.051882352941176,2654.5248,3.0547188679245285,4.622472352941176,81.77,5.1617,0.085,0.0,0.0,0.0
2023-03-03,2987.645,3.359433962264151,5.1,2602.795175,2.9429820754716984,4.5356000000000005,83.6,5.2045,0.085,130.9,0.0,0.0
2023-03-10,3018.61,3.633653846153846,5.543493975903615,2631.12815,3.1938932692307693,4.941396987951807,82.86,5.16866,0.085,130.9,0.0,0.0
2023-03-17,2979.99,3.638,5.579791666666666,2595.79085,3.19787,4.974609375,74.98,5.26628,0.085,130.9,0.0,0.0
2023-03-24,2961.86,3.619423076923077,5.506585365853659,2579.2019,3.1808721153846156,4.9076256097560975,74.24,5.26224,0.085,130.9,0.0,0.0
2023-03-31,2952.99,3.625471698113208,5.525833333333334,2571.08585,3.186406603773585,4.9252375000000015,78.0,5.1518,0.085,130.9,0.0,0.0
2023-04-07,3035.84,3.63463768115942,5.552583333333334,2646.8936000000003,3.1947934782608693,4.949713750000001,85.99,5.063225,0.085,130.9,0.0,0.0
2023-04-14,3133.94,3.6042857142857145,5.5196875,2736.6551,3.167021428571429,4.919614062500001,87.36,4.9802,0.085,130.9,0.0,0.0
2023-04-21,3262.46,3.63448275862069,5.5131578947368425,2854.2509,3.1946517241379313,4.913639473684212,84.62,5.001575,0.085,130.9,0.0,0.0
2023-04-28,3253.87,3.836666666666667,5.5163414634146335,2846.3910499999997,3.3796500000000003,4.9165524390243895,81.4,5.039,0.085,130.9,0.0,0.0
2023-05-05,3145.43,3.8370588235294116,5.512261904761904,2747.1684499999997,3.380008823529412,4.9128196428571425,74.62,5.009075,0.085,130.9,0.0,0.0
2023-05-12,3008.58,3.8050877192982457,5.517553191489362,2621.9507,3.350755263157895,4.9176611702127655,76.08,4.9636,0.085,130.9,0.0,0.0
2023-05-19,2860.47,3.7671186440677964,5.507040816326531,2486.43005,3.316013559322034,4.908042346938776,75.75,4.94486,0.085,130.9,0.0,0.0
2023-05-26,2787.1,3.6173015873015877,5.258396226415094,2419.2965,3.178930952380953,4.680532547169811,76.48,4.97864,0.085,130.9,0.0,0.0
2023-06-02,2765.41,3.574025974025974,5.327153846153846,2399.4501499999997,3.1393337662337664,4.743445769230769,73.89,5.0282800000000005,0.085,130.9,0.0,0.0
2023-06-09,2760.3,3.5374647887323944,5.532241379310345,2394.7745,3.105880281690141,4.931100862068966,76.06,4.914225,0.085,130.9,0.0,0.0
2023-06-16,2769.44,3.499850746268657,5.514690265486726,2403.1376,3.0714634328358215,4.915041592920355,74.39,4.8467,0.085,130.9,0.0,0.0
2023-06-23,2744.78,3.444107142857143,5.387684210526316,2380.5737000000004,3.020458035714286,4.798831052631579,75.26,4.78154,0.085,130.9,0.0,0.0
2023-06-30,2799.96,3.3467241379310346,5.281546391752578,2431.0634,2.9313525862068968,4.701714948453608,73.55,4.8188,0.085,130.9,0.0,0.0
2023-07-07,2812.3,3.659056603773585,5.622826086956521,2442.3545000000004,3.2171367924528305,5.013985869565216,76.6,4.8457,0.085,130.9,0.0,0.0
2023-07-14,2706.32,3.537931034482759,5.58563829787234,2345.3828000000003,3.1063068965517244,4.97995904255319,79.79,4.83474,0.085,130.9,0.0,0.0
2023-07-21,2636.99,3.507702702702703,5.637633587786259,2281.9458499999996,3.078647972972973,5.027534732824426,79.48,4.79924,0.085,130.9,0.0,0.0
2023-07-28,2586.3,3.3523333333333336,5.513714285714286,2235.5645,2.9364850000000002,4.914148571428573,83.55,4.735519999999999,0.085,130.9,0.0,0.0
2023-08-04,2541.49,3.366527777777778,5.5371311475409835,2194.56335,2.9494729166666667,4.935575,85.63,4.81312,0.085,130.9,0.0,0.0
2023-08-11,2508.37,3.3115151515151515,5.466605504587156,2164.25855,2.8991363636363636,4.871044036697249,87.83,4.89356,0.085,130.9,0.0,0.0
2023-08-18,2602.47,3.2684615384615383,5.576448598130842,2250.36005,2.859742307692308,4.97155046728972,85.87,4.9721,0.085,130.9,0.0,0.0
2023-08-25,2668.25,3.4298507462686567,5.938974358974359,2310.54875,3.007413432835821,5.303261538461538,84.71,4.9155,0.085,130.9,0.0,0.0
2023-09-01,2671.61,3.3535483870967746,5.875714285714286,2313.62315,2.937596774193549,5.245378571428573,87.57,4.89668,0.085,130.9,0.0,0.0
2023-09-08,2666.73,3.477460317460318,5.927685185185185,2309.15795,3.0509761904761907,5.292931944444444,91.29,4.96195,0.085,130.9,0.0,0.0
2023-09-15,2625.06,3.393478260869565,5.865915492957747,2271.0299,2.974132608695652,5.236412676056339,93.87,4.9096400000000004,0.085,130.9,0.0,0.0
2023-09-22,2614.98,3.3687931034482763,5.864242424242423,2261.8067,2.951545689655173,5.234881818181817,94.86,4.8791400000000005,0.085,130.9,0.0,0.0
2023-09-29,2569.37,3.324,5.792127659574469,2220.07355,2.91056,5.168896808510638,95.61,5.00326,0.085,130.9,0.0,0.0
2023-10-06,2525.74,3.2198148148148147,5.737906976744186,2180.1521,2.8152305555555555,5.11928488372093,90.33,5.13872,0.085,130.9,0.0,0.0
2023-10-13,2505.87,3.1186363636363637,5.694202898550724,2161.97105,2.722652272727273,5.079295652173913,90.48,5.091225,0.085,130.9,0.0,0.0
2023-10-20,2492.88,3.1637254901960783,5.778522727272727,2150.0852,2.7639088235294116,5.156448295454545,92.47,5.05276,0.085,130.9,0.0,0.0
2023-10-27,2497.53,3.3072580645161294,5.867363636363636,2154.33995,2.8952411290322586,5.237737727272727,89.84,4.9948999999999995,0.085,130.9,0.0,0.0
2023-11-03,2502.75,3.2680000000000002,5.821170212765958,2159.11625,2.8593200000000003,5.195470744680852,88.21,4.993825,0.085,130.9,0.0,0.0
2023-11-10,2498.27,3.215740740740741,5.765384615384615,2155.01705,2.811502777777778,5.144426923076923,83.52,4.8950000000000005,0.085,130.9,0.0,0.0
2023-11-17,2480.59,3.187543859649123,5.735520833333333,2138.8398500000003,2.7857026315789475,5.1171015625,81.93,4.883825,0.085,130.9,0.0,0.0
2023-11-24,2481.84,3.217936507936508,5.738990825688073,2139.9836,2.8135119047619046,5.120276605504587,81.62,4.887099999999999,0.085,130.9,0.0,0.0
2023-12-01,2453.46,3.165714285714286,5.703473684210527,2114.0159,2.7657285714285718,5.087778421052633,80.91,4.90594,0.085,130.9,0.0,0.0
2023-12-08,2390.3,3.175522388059701,5.723064516129032,2056.2245000000003,2.7747029850746268,5.105704032258064,75.98,4.91502,0.085,130.9,0.0,0.0
2023-12-15,2336.72,3.1799999999999997,5.751931818181818,2007.1987999999997,2.7788,5.132117613636364,75.58,4.936100000000001,0.085,130.9,0.0,0.0
2023-12-22,2307.91,3.117692307692308,5.702065217391305,1980.83765,2.7217884615384618,5.086489673913045,80.15,4.884040000000001,0.085,130.9,0.0,0.0
2023-12-29,2342.15,3.0455555555555556,5.6465555555555556,2012.16725,2.6557833333333334,5.035698333333334,79.23,4.8375,0.085,130.9,0.0,0.0
2024-01-05,2328.85,3.0145098039215688,5.6256818181818184,1999.99775,2.6273764705882354,5.016598863636364,76.88,4.905375,0.085,130.9,0.0,0.0
2024-01-12,2320.15,3.0340677966101697,5.701153846153845,1992.0372499999999,2.6452720338983053,5.085655769230769,78.4,4.8805,0.085,130.9,0.0,0.0
2024-01-19,2320.02,3.03296875,5.704955752212389,1991.9182999999998,2.6442664062500003,5.089134513274336,80.11,4.9155,0.085,130.9,0.0,0.0
2024-01-26,2397.19,2.9903076923076926,5.693103448275862,2062.52885,2.6052315384615388,5.078289655172414,82.31,4.93508,0.085,130.9,0.0,0.0
2024-02-02,2508.45,2.994,5.729298245614035,2164.33175,2.60861,5.111407894736843,82.57,4.94438,0.085,130.9,0.0,0.0
2024-02-09,2561.91,3.2127777777777777,6.006831683168317,2213.24765,2.8087916666666666,5.36535099009901,81.51,4.97738,0.085,130.9,0.0,0.0
2024-02-16,2575.83,3.2424,5.999236641221374,2225.98445,2.835896,5.358401526717557,84.44,4.973133333333333,0.085,130.9,0.0,0.0
2024-02-23,2585.0,3.3096875,6.064070796460177,2234.375,2.8974640625,5.4177247787610625,85.02,4.95132,0.085,130.9,0.0,0.0
2024-03-01,2583.61,3.2331818181818184,6.014830508474576,2233.10315,2.827461363636364,5.372669915254237,84.26,4.9676,0.085,130.9,0.0,0.0
2024-03-08,2584.15,3.1698412698412697,5.976071428571429,2233.5972500000003,2.769504761904762,5.337205357142858,85.63,4.94952,0.085,130.9,0.0,0.0
2024-03-15,2570.91,3.162686567164179,5.9679090909090915,2221.48265,2.762958208955224,5.32973681818182,84.52,4.981959999999999,0.085,130.9,0.0,0.0
2024-03-22,2582.31,3.1451515151515155,5.961061946902655,2231.91365,2.7469136363636366,5.3234716814159295,85.88,5.006,0.085,130.9,0.0,0.0
2024-03-29,2619.35,3.2387012987012986,5.962720588235293,2265.80525,2.8325116883116883,5.324989338235294,85.8,4.988925,0.085,130.9,0.0,0.0
2024-04-05,2756.32,3.309285714285714,6.084807692307693,2391.1328000000003,2.8970964285714285,5.436699038461539,90.34,5.04978,0.085,130.9,0.0,0.0
2024-04-12,2829.46,3.457777777777778,6.070222222222223,2458.0559,3.032966666666667,5.423353333333335,92.01,5.06568,0.085,130.9,0.0,0.0
2024-04-19,2913.92,3.6360975609756094,6.043046875,2535.3368,3.1961292682926827,5.398487890625001,89.59,5.23262,0.085,130.9,0.0,0.0
2024-04-26,2864.28,3.695595238095238,6.005766423357664,2489.9162,3.250569642857143,5.364376277372262,88.53,5.16248,0.085,130.9,0.0,0.0
2024-05-03,2802.2,3.665375,6.000441176470588,2433.113,3.222918125,5.359503676470588,85.73,5.118125,0.085,130.9,0.0,0.0
2024-05-10,2795.92,3.6213749999999996,5.9347967479674795,2427.3668000000002,3.1826581249999997,5.299439024390244,82.95,5.1053,0.085,130.9,0.0,0.0
2024-05-17,2785.42,3.6338554216867474,5.99072463768116,2417.7593,3.194077710843374,5.350613043478262,81.61,5.13236,0.085,130.9,0.0,0.0
2024-05-24,2742.65,3.6081159420289857,5.980603448275862,2378.62475,3.170526086956522,5.341352155172414,80.24,5.1315,0.085,130.9,0.0,0.0
2024-05-31,2732.97,3.5661428571428573,5.942586206896552,2369.76755,3.1321207142857146,5.306566379310345,80.92,5.1907499999999995,0.085,130.9,0.0,0.0
2024-06-07,2726.61,3.5535714285714284,5.932333333333333,2363.94815,3.120617857142857,5.297185000000001,76.59,5.26768,0.085,130.9,0.0,0.0
2024-06-14,2726.98,3.5146913580246912,5.897443609022557,2364.2867,3.0850425925925924,5.2652609022556405,80.64,5.3737,0.085,130.9,0.0,0.0
2024-06-21,2777.93,3.5833333333333335,5.990860215053763,2410.90595,3.14785,5.350737096774193,85.04,5.43042,0.085,130.9,0.0,0.0
2024-06-28,2862.96,3.5366129032258065,5.971100917431193,2488.7084,3.1051008064516132,5.332657339449542,86.72,5.4841,0.085,130.9,0.0,0.0
2024-07-05,2948.32,3.6331481481481482,5.850941176470588,2566.8128,3.1934305555555556,5.222711176470588,88.02,5.564839999999999,0.085,130.9,0.0,0.0
2024-07-12,3066.63,3.7652112676056335,5.997477477477478,2675.0664500000003,3.314268309859155,5.356791891891893,86.8,5.434060000000001,0.085,130.9,0.0,0.0
2024-07-19,3092.45,3.8132142857142854,6.0877380952380955,2698.69175,3.358191071428571,5.439380357142857,86.05,5.48952,0.085,130.9,0.0,0.0
2024-07-26,3071.07,3.718166666666667,6.0167346938775506,2679.12905,3.2712225000000004,5.374412244897959,82.52,5.61236,0.085,130.9,0.0,0.0
2024-08-02,3031.71,3.631818181818182,5.98289156626506,2643.11465,3.1922136363636366,5.34344578313253,80.26,5.673579999999999,0.085,130.9,0.0,0.0
2024-08-09,3020.01,3.8563636363636364,6.129186046511628,2632.4091500000004,3.3976727272727274,5.477305232558139,78.84,5.63108,0.085,130.9,0.0,0.0
2024-08-16,3007.66,3.8066666666666666,6.060425531914893,2621.1088999999997,3.3522000000000003,5.414389361702128,82.47,5.47142,0.085,130.9,0.0,0.0
2024-08-23,2978.92,3.7603636363636364,6.087469879518072,2594.8118,3.3098327272727275,5.439134939759036,79.57,5.4855599999999995,0.085,130.9,0.0,0.0
2024-08-30,2958.82,3.7018181818181817,6.03952380952381,2576.4203,3.256263636363636,5.395264285714287,80.83,5.5625,0.085,130.9,0.0,0.0
2024-09-06,2931.29,3.6267272727272726,6.02360465116279,2551.23035,3.1875554545454543,5.380698255813954,75.25,5.61128,0.085,130.9,0.0,0.0
2024-09-13,2866.36,3.8244155844155845,6.2153846153846155,2491.8194000000003,3.36844025974026,5.556176923076924,72.1,5.6201799999999995,0.085,130.9,0.0,0.0
2024-09-20,2807.62,3.788571428571429,6.16296875,2438.0723,3.3356428571428576,5.50821640625,74.98,5.47896,0.085,130.9,0.0,0.0
2024-09-27,2811.41,3.708701298701299,6.15,2441.54015,3.2625616883116884,5.496350000000001,74.07,5.47454,0.085,130.9,0.0,0.0
2024-10-04,2800.13,3.6689610389610388,6.144573643410853,2431.21895,3.2261993506493507,5.491384883720931,75.88,5.456860000000001,0.085,130.9,0.0,0.0
2024-10-11,2837.93,3.615324675324675,6.13007874015748,2465.80595,3.177122077922078,5.478122047244094,79.34,5.55284,0.085,130.9,0.0,0.0
2024-10-18,2936.61,3.7534722222222223,6.1651260504201675,2556.0981500000003,3.3035270833333334,5.510190336134453,74.58,5.65204,0.085,130.9,0.0,0.0
2024-10-25,3003.6,3.771052631578948,6.17111111111111,2617.394,3.319613157894737,5.515666666666666,74.69,5.70462,0.085,130.9,0.0,0.0
2024-11-01,3038.48,3.798356164383562,6.153305785123966,2649.3092,3.344595890410959,5.49937479338843,72.61,5.75562,0.085,130.9,0.0,0.0
2024-11-08,3058.66,3.7564615384615387,6.135142857142857,2667.7738999999997,3.306262307692308,5.482755714285714,75.63,5.75328,0.085,130.9,0.0,0.0
2024-11-15,3074.42,3.870625,6.1970370370370365,2682.1943,3.410721875,5.5393888888888885,72.89,5.7818000000000005,0.085,130.9,0.0,0.0
2024-11-22,3092.47,3.9133846153846155,6.2190990990990995,2698.7100499999997,3.4498469230769233,5.559575675675676,74.84,5.791075,0.085,130.9,0.0,0.0
2024-11-29,3102.46,3.9196923076923076,6.243055555555555,2707.8509,3.4556184615384615,5.581495833333333,74.16,5.8937800000000005,0.085,130.9,0.0,0.0
2024-12-06,3091.41,4.035333333333333,6.225252525252524,2697.74015,3.5614299999999997,5.5652060606060605,73.97,6.0412799999999995,0.085,130.9,0.0,0.0
2024-12-13,3078.52,3.984857142857143,6.218141592920354,2685.9458,3.515244285714286,5.558699557522123,74.03,6.02454,0.085,130.9,0.0,0.0
2024-12-20,3078.89,3.965,6.257209302325581,2686.28435,3.497075,5.594446511627908,73.79,6.128780000000001,0.085,130.9,0.0,0.0
2024-12-27,3091.17,3.9525352112676058,6.216140350877193,2697.52055,3.4856697183098593,5.5568684210526325,73.13,6.17,0.085,130.9,0.0,0.0
2025-01-03,3184.76,3.960758547008547,6.212960784313726,2718.1862960000003,3.4123945961538467,5.427214717647059,75.42,6.187375,0.1054,130.9,0.0,0.0
2025-01-10,3236.64,3.965526315789474,6.2716935483870975,2764.598144,3.4166598421052634,5.479757048387098,78.14,6.10084,0.1054,130.9,0.0,0.0
2025-01-17,3267.19,4.076315789473685,6.28248,2791.928174,3.5157721052631588,5.4894066079999995,82.79,6.061159999999999,0.1054,130.9,0.0,0.0
2025-01-24,3300.74,4.088421052631579,6.311384615384616,2821.942004,3.5266014736842113,5.515264676923078,79.92,5.97872,0.1054,130.9,0.0,0.0
2025-01-31,3346.94,4.209078947368421,6.378625954198474,2863.272524,3.6345420263157897,5.575418778625956,77.37,5.882099999999999,0.1054,130.9,0.0,0.0
2025-02-07,3365.98,4.238378378378378,6.452890625,2880.3057080000003,3.6607532972972976,5.641855953125001,75.4,5.800479999999999,0.1054,130.9,0.0,0.0
2025-02-14,3384.1,4.283157894736842,6.464227642276423,2896.51586,3.7008130526315792,5.651998048780488,76.01,5.7675600000000005,0.1054,130.9,0.0,0.0
2025-02-21,3400.34,4.161866666666667,6.474031007751938,2911.0441640000004,3.5923059200000003,5.660768139534884,76.09,5.70434,0.1054,130.9,0.0,0.0
2025-02-28,3394.41,4.152533333333333,6.46584,2905.739186,3.5839563200000004,5.653440464000001,74.25,5.7902000000000005,0.1054,130.9,0.0,0.0
2025-03-07,3376.6,4.267894736842106,6.461102362204724,2889.80636,3.687158631578948,5.649202173228346,71.93,5.7697,0.1054,130.9,0.0,0.0
2025-03-14,3362.63,4.203289473684211,6.39703125,2877.308798,3.629362763157895,5.59188415625,71.54,5.80188,0.1054,130.9,0.0,0.0
2025-03-21,3321.29,4.144,6.393492063492064,2840.326034,3.5763224000000005,5.588718000000002,72.21,5.6892,0.1054,130.9,0.0,0.0
2025-03-28,3292.62,4.107792207792208,6.35923076923077,2814.677852,3.5439309090909097,5.558067846153847,74.35,5.73654,0.1054,130.9,0.0,0.0
2025-04-04,3295.63,4.028026315789473,6.3024603174603175,2817.3705980000004,3.472572342105263,5.507281000000001,74.64,5.7048000000000005,0.1054,130.9,0.0,0.0
2025-04-11,3286.12,4.160263157894737,6.375772357723577,2808.862952,3.590871421052632,5.572865951219512,66.1,5.93404,0.1054,130.9,0.0,0.0
2025-04-18,3281.25,4.063421052631579,6.2955038759689925,2804.50625,3.5042364736842107,5.501057767441861,67.76,5.862475,0.1054,130.9,0.0,0.0
2025-04-25,3278.57,4.053376623376623,6.282380952380953,2802.1087220000004,3.4952507272727273,5.489318000000001,67.92,5.699,0.1054,130.9,0.0,0.0
2025-05-02,3283.7,4.158026315789473,6.330887096774194,2745.39802,3.5275703421052627,5.471411596774194,63.5,5.6537500000000005,0.1054,192.2,0.0,0.0
2025-05-09,3371.84,4.084666666666667,6.312601626016261,2824.2480640000003,3.4619428000000005,5.455053414634148,62.29,5.68952,0.1054,192.2,0.0,0.0
2025-05-16,3383.12,4.031408450704226,6.266910569105692,2834.3391520000005,3.4142980000000005,5.414178195121952,65.54,5.64874,0.1054,192.2,0.0,0.0
2025-05-23,3369.4,4.015194805194805,6.29349593495935,2822.0652400000004,3.399793272727273,5.437961463414635,65.86,5.6620800000000004,0.1054,192.2,0.0,0.0
2025-05-30,3340.55,3.987837837837838,6.229098360655738,2796.2560300000005,3.37531972972973,5.3803513934426235,64.74,5.6748,0.1054,192.2,0.0,0.0
2025-06-06,3308.75,3.9696153846153845,6.238449612403101,2767.8077500000004,3.359017923076923,5.388717023255815,67.18,5.63758,0.1054,192.2,0.0,0.0
2025-06-13,3276.33,3.9135064935064934,6.20536,2738.8048180000005,3.308822909090909,5.359115056,71.05,5.55494,0.1054,192.2,0.0,0.0
2025-06-20,3281.8,3.992763157894737,6.212301587301587,2743.6982800000005,3.3797259210526316,5.365325,78.25,5.4933,0.1054,192.2,0.0,0.0
2025-06-27,3295.6,3.8994594594594596,6.191166666666667,2756.0437600000005,3.2962564324324326,5.346417700000001,69.96,5.50964,0.1054,192.2,0.0,0.0
2025-07-04,3278.23,3.8660772833723653,6.238647959183673,2740.5045580000005,3.2663927377049182,5.388894464285714,69.61,5.43784,0.1054,192.2,0.0,0.0
2025-07-11,3252.03,3.867402597402598,6.189760000000001,2717.0660380000004,3.267578363636364,5.345159296000001,71.77,5.49808,0.1054,192.2,0.0,0.0
2025-07-18,3213.9,3.7656,6.0992,2682.9549400000005,3.17650576,5.264144320000001,70.66,5.56192,0.1054,192.2,0.0,0.0
2025-07-25,3205.18,3.9781428571428576,6.223084112149532,2675.1540280000004,3.3666466000000006,5.374971046728972,70.09,5.55072,0.1054,192.2,0.0,0.0
2025-08-01,3205.75,3.976285714285715,6.226517857142857,2675.6639500000006,3.3649852000000005,5.378042875000001,72.41,5.58264,0.1054,192.2,0.0,0.0
2025-08-08,3216.14,3.9742253521126765,6.215137614678899,2684.958844,3.3631420000000003,5.367862110091744,68.17,5.4785200000000005,0.1054,192.2,0.0,0.0
2025-08-15,3273.09,4.096619718309859,6.321284403669725,2735.9063140000003,3.472636,5.462821027522937,67.17,5.4095200000000006,0.1054,192.2,0.0,0.0
2025-08-22,3341.4,4.114057971014493,6.3303738317757015,2797.0164400000003,3.488236260869565,5.470952429906543,67.82,5.45634,0.1054,192.2,0.0,0.0
2025-08-29,3365.76,4.136231884057971,6.342844036697247,2818.8088960000005,3.508073043478261,5.482108275229359,67.77,5.42398,0.1054,192.2,0.0,0.0
2025-09-05,3419.62,4.2211428571428575,6.354954128440366,2866.9920520000005,3.5840344000000006,5.492941963302752,66.85,5.44196,0.1054,192.2,0.0,0.0
2025-09-12,3442.71,4.232571428571428,6.348888888888888,2887.6483660000004,3.5942583999999997,5.487516,67.23,5.40428,0.1054,192.2,0.0,0.0
2025-09-19,3440.6,4.289714285714285,6.3584905660377355,2885.76076,3.6453784,5.496105660377359,68.33,5.3120199999999995,0.1054,192.2,0.0,0.0
2025-09-26,3403.32,4.314857142857143,6.389909090909091,2852.4100720000006,3.6678712,5.524212672727273,69.22,5.33004,0.1054,192.2,0.0,0.0
2025-10-03,3373.74,4.311428571428571,6.384953271028037,2825.9478040000004,3.664804,5.519779196261682,67.15,5.3314,0.1054,192.2,0.0,0.0
2025-10-10,3339.51,4.321492537313433,6.387196261682242,2795.3256460000007,3.673807223880597,5.521785775700935,66.65,5.36,0.1054,192.2,0.0,0.0
2025-10-17,3345.32,4.332352941176471,6.412264150943397,2800.5232720000004,3.6835229411764714,5.544211509433963,62.36,5.45638,0.1054,192.2,0.0,0.0
2025-10-24,3367.86,4.312112676056338,6.371651376146789,2820.6875560000003,3.665416,5.507879321100918,63.22,5.3830800000000005,0.1054,192.2,0.0,0.0
2025-10-31,3404.43,4.306056338028169,6.319326923076924,2853.4030780000003,3.659998,5.461069865384617,65.02,5.3708599999999995,0.1054,192.2,0.0,0.0
2025-11-07,3447.16,4.333275862068965,6.418105263157895,2891.6293360000004,3.6843485862068963,5.549436968421054,64.3,5.36334,0.1054,192.2,0.0,0.0
2025-11-14,3463.77,4.36,6.405826086956521,2906.4886420000003,3.7082560000000004,5.538452017391305,62.87,5.29134,0.1054,192.2,0.0,0.0
2025-11-21,3504.06,4.397012987012987,6.407886178861788,2942.5320760000004,3.741367818181818,5.540294975609756,63.64,5.342925,0.1054,192.2,0.0,0.0
2025-11-28,3514.3,4.403333333333333,6.407280701754385,2951.6927800000008,3.7470220000000003,5.539753315789474,64.38,5.36622,0.1054,192.2,0.0,0.0
2025-12-05,3505.37,4.414868421052631,6.4168032786885245,2943.7040020000004,3.757341289473684,5.548272213114755,63.98,5.3281,0.1054,192.2,0.0,0.0
2025-12-12,3520.88,4.438550724637681,6.418679245283019,2957.5792480000005,3.778527478260869,5.549950452830189,62.6,5.43446,0.1054,192.2,0.0,0.0
2025-12-19,3533.5,4.42421052631579,6.408547008547008,2968.8691000000003,3.7656987368421055,5.540886153846154,60.83,5.4794,0.1054,192.2,0.0,0.0
2025-12-26,3510.37,4.436835443037975,6.42392,2948.1770020000004,3.7769929873417722,5.554638832,63.21,5.544875,0.1054,192.2,0.0,0.0
2026-01-02,3535.84,4.476533333333333,6.439262295081967,2970.9624640000006,3.8125067200000005,5.568364049180328,62.18,5.503975,0.1054,192.2,0.0,0.0
2026-01-09,3574.86,4.547820512820513,6.512,3005.8697560000005,3.8762802307692312,5.6334352,62.93,5.3919,0.1054,192.2,0.0,0.0
2026-01-16,3601.19,4.558181818181819,6.539705882352941,3029.4245740000006,3.885549454545455,5.658220882352941,67.0,5.37926,0.1054,192.2,0.0,0.0
2026-01-23,3633.57,4.525352112676057,6.465238095238096,3058.3917220000008,3.8561800000000006,5.591602000000001,66.99,5.33616,0.1054,192.2,0.0,0.0
2026-01-30,3647.5,4.501355932203389,6.469673913043478,3070.8535000000006,3.8347130169491526,5.595570282608697,70.43,5.22494,0.1054,192.2,0.0,0.0
2026-02-06,3653.24,4.544520547945205,6.509914529914529,3075.9885040000004,3.873328082191781,5.631569538461538,69.84,5.24206,0.1054,192.2,0.0,0.0
2026-02-13,3625.51,4.631168831168831,6.503884297520662,3051.1812460000006,3.950843636363637,5.626174892561985,70.7,5.19524,0.1054,192.2,0.0,0.0
2026-02-20,3591.89,4.627922077922078,6.507416666666667,3021.1047940000003,3.9479390909090912,5.6293349500000005,71.66,5.2204,0.1054,192.2,0.0,0.0
2026-02-27,3545.67,4.634285714285714,6.504065040650406,2979.7563820000005,3.9536320000000003,5.626336585365854,71.36,5.15268,0.1054,192.2,0.0,0.0
2026-03-06,3535.6,4.616666666666667,6.521570247933885,2970.74776,3.9378700000000006,5.641996743801654,85.28,5.24574,0.1054,192.2,0.0,0.0
2026-03-13,3550.74,4.6390625,6.662871287128714,2984.2920040000004,3.9579053125,5.768404653465348,96.16,5.198980000000001,0.1054,192.2,0.0,0.0
2026-03-20,3575.92,4.658933333333334,6.754137931034483,3006.8180320000006,3.97568176,5.850051793103449,111.4,5.24336,0.1054,192.2,0.0,0.0
2026-03-27,3567.17,4.620294117647059,6.8678640776699025,2998.9902820000007,3.9411151176470587,5.951791203883496,111.24,5.23996,0.1054,192.2,0.0,0.0
2026-04-03,3533.8,4.628913043478261,6.871780821917808,2969.137480000001,3.948825608695652,5.955295123287671,123.94,5.1952,0.1054,192.2,0.0,0.0
2026-04-10,3477.86,,6.871780821917808,2919.0935560000007,,5.955295123287671,124.61,5.10212,0.1054,192.2,0.0,0.0
2026-04-17,3420.29,,6.871780821917808,2867.5914340000004,,5.955295123287671,114.43,4.9936,0.1054,192.2,0.0,0.0
2026-04-24,3256.31,,6.871780821917808,2720.8949260000004,,5.955295123287671,109.62,4.977975,0.1054,192.2,0.0,0.0
2026-05-01,,,6.871780821917808,,,5.955295123287671,109.62,4.985433333333333,0.1054,192.2,0.0,0.0
