target,horizon_weeks,model,n,mae,rmse,smape,directional_accuracy
anp_ethanol_mt_net_l,4,A_target_seasonality,21,0.14830597432265685,0.18835341366269004,0.042396974814691825,0.75
anp_ethanol_mt_net_l,4,B_plus_gasoline,21,0.1397498392136175,0.18818974179964001,0.039706928916649675,0.75
anp_ethanol_mt_net_l,4,C_plus_brent,21,0.11578791229307359,0.14389499298156244,0.033104362993962945,0.75
anp_ethanol_mt_net_l,4,D_plus_usd_brl,21,0.11694891548635981,0.14858209080005658,0.033106160694064815,0.75
anp_ethanol_mt_net_l,12,A_target_seasonality,22,0.2779581184575447,0.30412763396771275,0.07900320967805656,0.5714285714285714
anp_ethanol_mt_net_l,12,B_plus_gasoline,22,0.2552140493739882,0.2995756160427683,0.07208060024070082,0.6190476190476191
anp_ethanol_mt_net_l,12,C_plus_brent,22,0.1789052102445348,0.21789299436059684,0.050558984512966004,0.8095238095238095
anp_ethanol_mt_net_l,12,D_plus_usd_brl,22,0.19856731579094655,0.22604905150064886,0.0560206919845579,0.7142857142857143
anp_ethanol_mt_net_l,26,A_target_seasonality,20,0.27342542898403094,0.31993157985978793,0.07735139019367238,0.5263157894736842
anp_ethanol_mt_net_l,26,B_plus_gasoline,20,0.28145344525768834,0.32505523458987456,0.07921944382770754,0.42105263157894735
anp_ethanol_mt_net_l,26,C_plus_brent,20,0.26987054922245185,0.3107519411928415,0.07638291039167443,0.5263157894736842
anp_ethanol_mt_net_l,26,D_plus_usd_brl,20,0.2736832203113546,0.31625491297871533,0.07740358749070861,0.47368421052631576
anp_ethanol_mt_net_l,52,A_target_seasonality,14,0.2630611248692408,0.29968966244788336,0.0743106105741819,0.6923076923076923
anp_ethanol_mt_net_l,52,B_plus_gasoline,14,0.2179818982304301,0.23317246240239642,0.06161445974781544,0.6923076923076923
anp_ethanol_mt_net_l,52,C_plus_brent,14,0.20701121761922464,0.2303963618716891,0.05835637979185226,0.7692307692307693
anp_ethanol_mt_net_l,52,D_plus_usd_brl,14,0.21429105048473834,0.23725221472122643,0.06043760607032967,0.7692307692307693
