target,horizon_weeks,model,month,actual,prediction,error,abs_error
anp_ethanol_mt_net_l,4,A_target_seasonality,2024-10,3.3035270833333334,3.1571046774320464,-0.14642240590128708,0.14642240590128708
anp_ethanol_mt_net_l,4,A_target_seasonality,2024-11,3.4498469230769233,3.185987360256997,-0.2638595628199263,0.2638595628199263
anp_ethanol_mt_net_l,4,A_target_seasonality,2024-12,3.4856697183098593,3.4523463302597346,-0.03332338805012469,0.03332338805012469
anp_ethanol_mt_net_l,4,A_target_seasonality,2025-01,3.6345420263157897,3.6166482924363086,-0.017893733879481122,0.017893733879481122
anp_ethanol_mt_net_l,4,A_target_seasonality,2025-03,3.687158631578948,3.7126516957883,0.025493064209352045,0.025493064209352045
anp_ethanol_mt_net_l,4,A_target_seasonality,2025-04,3.590871421052632,3.777231252471275,0.1863598314186432,0.1863598314186432
anp_ethanol_mt_net_l,4,A_target_seasonality,2025-05,3.4142980000000005,3.6413246233128724,0.22702662331287193,0.22702662331287193
anp_ethanol_mt_net_l,4,A_target_seasonality,2025-06,3.3797259210526316,3.4599995844904745,0.08027366343784292,0.08027366343784292
anp_ethanol_mt_net_l,4,A_target_seasonality,2025-07,3.3666466000000006,3.329920651980146,-0.03672594801985474,0.03672594801985474
anp_ethanol_mt_net_l,4,A_target_seasonality,2025-08,3.508073043478261,3.2377225475052143,-0.2703504959730467,0.2703504959730467
anp_ethanol_mt_net_l,4,A_target_seasonality,2025-10,3.664804,3.4003867705481667,-0.26441722945183344,0.26441722945183344
anp_ethanol_mt_net_l,4,A_target_seasonality,2025-11,3.6843485862068963,3.5860287953168495,-0.09831979089004683,0.09831979089004683
anp_ethanol_mt_net_l,4,A_target_seasonality,2025-12,3.778527478260869,3.6299410957048805,-0.14858638255598855,0.14858638255598855
anp_ethanol_mt_net_l,4,A_target_seasonality,2026-01,3.885549454545455,3.719170333067356,-0.1663791214780992,0.1663791214780992
anp_ethanol_mt_net_l,4,A_target_seasonality,2026-02,3.9479390909090912,3.838041590120478,-0.10989750078861338,0.10989750078861338
anp_ethanol_mt_net_l,4,A_target_seasonality,2026-03,3.9411151176470587,3.9149551336154467,-0.026159984031612016,0.026159984031612016
anp_ethanol_mt_net_l,4,A_target_seasonality,2026-05,3.8623858795180728,3.9500162352232264,0.08763035570515365,0.08763035570515365
anp_ethanol_mt_net_l,4,A_target_seasonality,2026-06,3.329427307692308,3.819246918567525,0.48981961087521686,0.48981961087521686
anp_ethanol_mt_net_l,4,A_target_seasonality,2026-07,3.1859025454545455,3.292532629291714,0.10663008383716832,0.10663008383716832
anp_ethanol_mt_net_l,4,A_target_seasonality,2026-08,3.1081458372093023,3.150977534513627,0.04283169730432457,0.04283169730432457
anp_ethanol_mt_net_l,4,A_target_seasonality,2026-09,3.4012503294117646,3.1152253425764584,-0.2860249868353062,0.2860249868353062
anp_ethanol_mt_net_l,4,B_plus_gasoline,2024-10,3.3035270833333334,3.21805498260381,-0.0854721007295236,0.0854721007295236
anp_ethanol_mt_net_l,4,B_plus_gasoline,2024-11,3.4498469230769233,3.2497320339859237,-0.20011488909099961,0.20011488909099961
anp_ethanol_mt_net_l,4,B_plus_gasoline,2024-12,3.4856697183098593,3.4817295752435142,-0.003940143066345048,0.003940143066345048
anp_ethanol_mt_net_l,4,B_plus_gasoline,2025-01,3.6345420263157897,3.6499515600411336,0.015409533725343927,0.015409533725343927
anp_ethanol_mt_net_l,4,B_plus_gasoline,2025-03,3.687158631578948,3.73598432471913,0.048825693140182036,0.048825693140182036
anp_ethanol_mt_net_l,4,B_plus_gasoline,2025-04,3.590871421052632,3.8063125438779557,0.2154411228253239,0.2154411228253239
anp_ethanol_mt_net_l,4,B_plus_gasoline,2025-05,3.4142980000000005,3.6729087094248185,0.258610709424818,0.258610709424818
anp_ethanol_mt_net_l,4,B_plus_gasoline,2025-06,3.3797259210526316,3.4670082033575462,0.08728228230491464,0.08728228230491464
anp_ethanol_mt_net_l,4,B_plus_gasoline,2025-07,3.3666466000000006,3.330964807825195,-0.035681792174805604,0.035681792174805604
anp_ethanol_mt_net_l,4,B_plus_gasoline,2025-08,3.508073043478261,3.2534806395307037,-0.25459240394755733,0.25459240394755733
anp_ethanol_mt_net_l,4,B_plus_gasoline,2025-10,3.664804,3.4261021576975277,-0.2387018423024725,0.2387018423024725
anp_ethanol_mt_net_l,4,B_plus_gasoline,2025-11,3.6843485862068963,3.615741892639826,-0.06860669356707039,0.06860669356707039
anp_ethanol_mt_net_l,4,B_plus_gasoline,2025-12,3.778527478260869,3.6950167728668,-0.08351070539406891,0.08351070539406891
anp_ethanol_mt_net_l,4,B_plus_gasoline,2026-01,3.885549454545455,3.801155066973005,-0.08439438757245021,0.08439438757245021
anp_ethanol_mt_net_l,4,B_plus_gasoline,2026-02,3.9479390909090912,3.9169600705835257,-0.030979020325565543,0.030979020325565543
anp_ethanol_mt_net_l,4,B_plus_gasoline,2026-03,3.9411151176470587,3.9667315625969537,0.025616444949895012,0.025616444949895012
anp_ethanol_mt_net_l,4,B_plus_gasoline,2026-05,3.8623858795180728,4.037709499260966,0.17532361974289357,0.17532361974289357
anp_ethanol_mt_net_l,4,B_plus_gasoline,2026-06,3.329427307692308,3.886840260445465,0.557412952753157,0.557412952753157
anp_ethanol_mt_net_l,4,B_plus_gasoline,2026-07,3.1859025454545455,3.3301784854717598,0.14427594001721422,0.14427594001721422
anp_ethanol_mt_net_l,4,B_plus_gasoline,2026-08,3.1081458372093023,3.179842361716874,0.0716965245075718,0.0716965245075718
anp_ethanol_mt_net_l,4,B_plus_gasoline,2026-09,3.4012503294117646,3.15239250748797,-0.24885782192379446,0.24885782192379446
anp_ethanol_mt_net_l,4,C_plus_brent,2024-10,3.3035270833333334,3.153170781680699,-0.15035630165263436,0.15035630165263436
anp_ethanol_mt_net_l,4,C_plus_brent,2024-11,3.4498469230769233,3.2565260089980383,-0.19332091407888496,0.19332091407888496
anp_ethanol_mt_net_l,4,C_plus_brent,2024-12,3.4856697183098593,3.51549574867681,0.02982603036695064,0.02982603036695064
anp_ethanol_mt_net_l,4,C_plus_brent,2025-01,3.6345420263157897,3.6575082514971977,0.022966225181408007,0.022966225181408007
anp_ethanol_mt_net_l,4,C_plus_brent,2025-03,3.687158631578948,3.732624713219385,0.04546608164043686,0.04546608164043686
anp_ethanol_mt_net_l,4,C_plus_brent,2025-04,3.590871421052632,3.7867304581295382,0.19585903707690644,0.19585903707690644
anp_ethanol_mt_net_l,4,C_plus_brent,2025-05,3.4142980000000005,3.649861161995444,0.2355631619954437,0.2355631619954437
anp_ethanol_mt_net_l,4,C_plus_brent,2025-06,3.3797259210526316,3.456257775410687,0.07653185435805554,0.07653185435805554
anp_ethanol_mt_net_l,4,C_plus_brent,2025-07,3.3666466000000006,3.4271147009196805,0.06046810091967991,0.06046810091967991
anp_ethanol_mt_net_l,4,C_plus_brent,2025-08,3.508073043478261,3.2450024475572516,-0.26307059592100934,0.26307059592100934
anp_ethanol_mt_net_l,4,C_plus_brent,2025-10,3.664804,3.4257358361597245,-0.23906816384027563,0.23906816384027563
anp_ethanol_mt_net_l,4,C_plus_brent,2025-11,3.6843485862068963,3.6578138361247228,-0.02653475008217354,0.02653475008217354
anp_ethanol_mt_net_l,4,C_plus_brent,2025-12,3.778527478260869,3.7105824477217095,-0.06794503053915957,0.06794503053915957
anp_ethanol_mt_net_l,4,C_plus_brent,2026-01,3.885549454545455,3.823322189714956,-0.06222726483049934,0.06222726483049934
anp_ethanol_mt_net_l,4,C_plus_brent,2026-02,3.9479390909090912,3.986408322757224,0.03846923184813278,0.03846923184813278
anp_ethanol_mt_net_l,4,C_plus_brent,2026-03,3.9411151176470587,3.9810486358249264,0.03993351817786772,0.03993351817786772
anp_ethanol_mt_net_l,4,C_plus_brent,2026-05,3.8623858795180728,4.069752949006932,0.2073670694888592,0.2073670694888592
anp_ethanol_mt_net_l,4,C_plus_brent,2026-06,3.329427307692308,3.469167532039103,0.13974022434679512,0.13974022434679512
anp_ethanol_mt_net_l,4,C_plus_brent,2026-07,3.1859025454545455,3.1650290000231056,-0.020873545431439933,0.020873545431439933
anp_ethanol_mt_net_l,4,C_plus_brent,2026-08,3.1081458372093023,3.1753335018830953,0.067187664673793,0.067187664673793
anp_ethanol_mt_net_l,4,C_plus_brent,2026-09,3.4012503294117646,3.1524789377076248,-0.24877139170413987,0.24877139170413987
anp_ethanol_mt_net_l,4,D_plus_usd_brl,2024-10,3.3035270833333334,3.1871436355849565,-0.11638344774837694,0.11638344774837694
anp_ethanol_mt_net_l,4,D_plus_usd_brl,2024-11,3.4498469230769233,3.3107439326243684,-0.13910299045255492,0.13910299045255492
anp_ethanol_mt_net_l,4,D_plus_usd_brl,2024-12,3.4856697183098593,3.5207545526605766,0.0350848343507173,0.0350848343507173
anp_ethanol_mt_net_l,4,D_plus_usd_brl,2025-01,3.6345420263157897,3.6959701838935803,0.06142815757779063,0.06142815757779063
anp_ethanol_mt_net_l,4,D_plus_usd_brl,2025-03,3.687158631578948,3.614193965345307,-0.07296466623364095,0.07296466623364095
anp_ethanol_mt_net_l,4,D_plus_usd_brl,2025-04,3.590871421052632,3.6842037116826862,0.09333229063005444,0.09333229063005444
anp_ethanol_mt_net_l,4,D_plus_usd_brl,2025-05,3.4142980000000005,3.7301091322260045,0.315811132226004,0.315811132226004
anp_ethanol_mt_net_l,4,D_plus_usd_brl,2025-06,3.3797259210526316,3.444552932833606,0.06482701178097461,0.06482701178097461
anp_ethanol_mt_net_l,4,D_plus_usd_brl,2025-07,3.3666466000000006,3.3887689741562865,0.02212237415628593,0.02212237415628593
anp_ethanol_mt_net_l,4,D_plus_usd_brl,2025-08,3.508073043478261,3.2787204198126205,-0.22935262366564046,0.22935262366564046
anp_ethanol_mt_net_l,4,D_plus_usd_brl,2025-10,3.664804,3.343047921126306,-0.32175607887369395,0.32175607887369395
anp_ethanol_mt_net_l,4,D_plus_usd_brl,2025-11,3.6843485862068963,3.5321339484021066,-0.15221463780478972,0.15221463780478972
anp_ethanol_mt_net_l,4,D_plus_usd_brl,2025-12,3.778527478260869,3.6526640741450795,-0.12586340411578956,0.12586340411578956
anp_ethanol_mt_net_l,4,D_plus_usd_brl,2026-01,3.885549454545455,3.817064840211345,-0.06848461433411002,0.06848461433411002
anp_ethanol_mt_net_l,4,D_plus_usd_brl,2026-02,3.9479390909090912,3.928852330436794,-0.019086760472297293,0.019086760472297293
anp_ethanol_mt_net_l,4,D_plus_usd_brl,2026-03,3.9411151176470587,3.9180046722047086,-0.02311044544235008,0.02311044544235008
anp_ethanol_mt_net_l,4,D_plus_usd_brl,2026-05,3.8623858795180728,4.107927182275492,0.24554130275741892,0.24554130275741892
anp_ethanol_mt_net_l,4,D_plus_usd_brl,2026-06,3.329427307692308,3.4171940959632985,0.08776678827099049,0.08776678827099049
anp_ethanol_mt_net_l,4,D_plus_usd_brl,2026-07,3.1859025454545455,3.207262378105078,0.02135983265053243,0.02135983265053243
anp_ethanol_mt_net_l,4,D_plus_usd_brl,2026-08,3.1081458372093023,3.160534005634419,0.05238816842511662,0.05238816842511662
anp_ethanol_mt_net_l,4,D_plus_usd_brl,2026-09,3.4012503294117646,3.2133046661673377,-0.18794566324442696,0.18794566324442696
anp_ethanol_mt_net_l,12,A_target_seasonality,2024-12,3.515244285714286,3.152648935284507,-0.3625953504297792,0.3625953504297792
anp_ethanol_mt_net_l,12,A_target_seasonality,2025-01,3.4166598421052634,3.2638094358670444,-0.152850406238219,0.152850406238219
anp_ethanol_mt_net_l,12,A_target_seasonality,2025-02,3.6607532972972976,3.4661825032543865,-0.1945707940429111,0.1945707940429111
anp_ethanol_mt_net_l,12,A_target_seasonality,2025-03,3.687158631578948,3.7920800995278094,0.10492146794886148,0.10492146794886148
anp_ethanol_mt_net_l,12,A_target_seasonality,2025-04,3.472572342105263,3.8288889538001585,0.35631661169489526,0.35631661169489526
anp_ethanol_mt_net_l,12,A_target_seasonality,2025-05,3.451445035917496,3.7755976003457272,0.3241525644282308,0.3241525644282308
anp_ethanol_mt_net_l,12,A_target_seasonality,2025-06,3.2962564324324326,3.599523031500927,0.3032665990684942,0.3032665990684942
anp_ethanol_mt_net_l,12,A_target_seasonality,2025-07,3.3666466000000006,3.345622505346877,-0.021024094653123715,0.021024094653123715
anp_ethanol_mt_net_l,12,A_target_seasonality,2025-08,3.488236260869565,3.318546152258421,-0.1696901086111442,0.1696901086111442
anp_ethanol_mt_net_l,12,A_target_seasonality,2025-09,3.6453784,3.281622416195983,-0.36375598380401675,0.36375598380401675
anp_ethanol_mt_net_l,12,A_target_seasonality,2025-10,3.6835229411764714,3.1957834541819676,-0.48773948699450376,0.48773948699450376
anp_ethanol_mt_net_l,12,A_target_seasonality,2025-11,3.7082560000000004,3.3449404537073866,-0.36331554629261387,0.36331554629261387
anp_ethanol_mt_net_l,12,A_target_seasonality,2025-12,3.778527478260869,3.4824504949090644,-0.29607698335180466,0.29607698335180466
anp_ethanol_mt_net_l,12,A_target_seasonality,2026-01,3.8762802307692312,3.582035825001905,-0.29424440576732636,0.29424440576732636
anp_ethanol_mt_net_l,12,A_target_seasonality,2026-02,3.873328082191781,3.6078715171026854,-0.26545656508909543,0.26545656508909543
anp_ethanol_mt_net_l,12,A_target_seasonality,2026-03,3.9378700000000006,3.7308001186660618,-0.2070698813339389,0.2070698813339389
anp_ethanol_mt_net_l,12,A_target_seasonality,2026-04,3.957551541189931,3.805889688853267,-0.15166185233666418,0.15166185233666418
anp_ethanol_mt_net_l,12,A_target_seasonality,2026-05,3.6171978363107606,3.8397229961488026,0.22252515983804178,0.26242057879158387
anp_ethanol_mt_net_l,12,A_target_seasonality,2026-06,3.2395272093023255,3.774066278113445,0.5345390688111196,0.5345390688111196
anp_ethanol_mt_net_l,12,A_target_seasonality,2026-07,3.1664301927710845,3.6323032991877544,0.4658731064166699,0.4658731064166699
anp_ethanol_mt_net_l,12,A_target_seasonality,2026-08,3.0987565,3.315976050050111,0.2172195500501113,0.2172195500501113
anp_ethanol_mt_net_l,12,A_target_seasonality,2026-09,3.4012503294117646,3.1450373105473455,-0.25621301886441916,0.25621301886441916
anp_ethanol_mt_net_l,12,B_plus_gasoline,2024-12,3.515244285714286,3.2753795733733284,-0.23986471234095763,0.23986471234095763
anp_ethanol_mt_net_l,12,B_plus_gasoline,2025-01,3.4166598421052634,3.388741356119132,-0.027918485986131447,0.027918485986131447
anp_ethanol_mt_net_l,12,B_plus_gasoline,2025-02,3.6607532972972976,3.537040244569461,-0.12371305272783673,0.12371305272783673
anp_ethanol_mt_net_l,12,B_plus_gasoline,2025-03,3.687158631578948,3.878414477216911,0.19125584563796316,0.19125584563796316
anp_ethanol_mt_net_l,12,B_plus_gasoline,2025-04,3.472572342105263,3.860267999740561,0.3876956576352977,0.3876956576352977
anp_ethanol_mt_net_l,12,B_plus_gasoline,2025-05,3.451445035917496,3.812718104342954,0.3612730684254579,0.3612730684254579
anp_ethanol_mt_net_l,12,B_plus_gasoline,2025-06,3.2962564324324326,3.618066414187723,0.3218099817552904,0.3218099817552904
anp_ethanol_mt_net_l,12,B_plus_gasoline,2025-07,3.3666466000000006,3.372910849682233,0.006264249682232492,0.006264249682232492
anp_ethanol_mt_net_l,12,B_plus_gasoline,2025-08,3.488236260869565,3.328810176419313,-0.15942608445025197,0.15942608445025197
anp_ethanol_mt_net_l,12,B_plus_gasoline,2025-09,3.6453784,3.2883717494748383,-0.35700665052516145,0.35700665052516145
anp_ethanol_mt_net_l,12,B_plus_gasoline,2025-10,3.6835229411764714,3.2280351230605997,-0.4554878181158717,0.4554878181158717
anp_ethanol_mt_net_l,12,B_plus_gasoline,2025-11,3.7082560000000004,3.385739965738284,-0.3225160342617164,0.3225160342617164
anp_ethanol_mt_net_l,12,B_plus_gasoline,2025-12,3.778527478260869,3.5583131641719943,-0.22021431408887482,0.22021431408887482
anp_ethanol_mt_net_l,12,B_plus_gasoline,2026-01,3.8762802307692312,3.6555186294845003,-0.22076160128473088,0.22076160128473088
anp_ethanol_mt_net_l,12,B_plus_gasoline,2026-02,3.873328082191781,3.7129780065978757,-0.16035007559390513,0.16035007559390513
anp_ethanol_mt_net_l,12,B_plus_gasoline,2026-03,3.9378700000000006,3.889463746221373,-0.04840625377862784,0.04840625377862784
anp_ethanol_mt_net_l,12,B_plus_gasoline,2026-04,3.957551541189931,3.902531099278697,-0.05502044191123412,0.05502044191123412
anp_ethanol_mt_net_l,12,B_plus_gasoline,2026-05,3.6171978363107606,3.956552017736854,0.33935418142609364,0.33935418142609364
anp_ethanol_mt_net_l,12,B_plus_gasoline,2026-06,3.2395272093023255,3.8337354561305856,0.5942082468282601,0.5942082468282601
anp_ethanol_mt_net_l,12,B_plus_gasoline,2026-07,3.1664301927710845,3.720899409255471,0.5544692164843865,0.5544692164843865
anp_ethanol_mt_net_l,12,B_plus_gasoline,2026-08,3.0987565,3.3646873135761743,0.26593081357617443,0.26593081357617443
anp_ethanol_mt_net_l,12,B_plus_gasoline,2026-09,3.4012503294117646,3.199488029700481,-0.2017622997112838,0.2017622997112838
anp_ethanol_mt_net_l,12,C_plus_brent,2024-12,3.515244285714286,3.297308900061288,-0.2179353856529982,0.2179353856529982
anp_ethanol_mt_net_l,12,C_plus_brent,2025-01,3.4166598421052634,3.5077766656803173,0.0911168235750539,0.0911168235750539
anp_ethanol_mt_net_l,12,C_plus_brent,2025-02,3.6607532972972976,3.568022767287115,-0.09273053001018239,0.09273053001018239
anp_ethanol_mt_net_l,12,C_plus_brent,2025-03,3.687158631578948,3.8987400493833495,0.21158141780440154,0.21158141780440154
anp_ethanol_mt_net_l,12,C_plus_brent,2025-04,3.472572342105263,3.8677690071129183,0.39519666500765505,0.39519666500765505
anp_ethanol_mt_net_l,12,C_plus_brent,2025-05,3.451445035917496,3.7909352389055933,0.33949020298809707,0.33949020298809707
anp_ethanol_mt_net_l,12,C_plus_brent,2025-06,3.2962564324324326,3.628373135133878,0.33211670270144555,0.33211670270144555
anp_ethanol_mt_net_l,12,C_plus_brent,2025-07,3.3666466000000006,3.362768669637462,-0.003877930362538695,0.003877930362538695
anp_ethanol_mt_net_l,12,C_plus_brent,2025-08,3.488236260869565,3.389786374630063,-0.09844988623950224,0.09844988623950224
anp_ethanol_mt_net_l,12,C_plus_brent,2025-09,3.6453784,3.3950901112496714,-0.2502882887503284,0.2502882887503284
anp_ethanol_mt_net_l,12,C_plus_brent,2025-10,3.6835229411764714,3.1759650921038327,-0.5075578490726387,0.5075578490726387
anp_ethanol_mt_net_l,12,C_plus_brent,2025-11,3.7082560000000004,3.484578728201864,-0.22367727179813635,0.22367727179813635
anp_ethanol_mt_net_l,12,C_plus_brent,2025-12,3.778527478260869,3.686532992521559,-0.09199448573931024,0.09199448573931024
anp_ethanol_mt_net_l,12,C_plus_brent,2026-01,3.8762802307692312,3.7362745571971185,-0.1400056735721127,0.1400056735721127
anp_ethanol_mt_net_l,12,C_plus_brent,2026-02,3.873328082191781,3.750846058173006,-0.12248202401877473,0.12248202401877473
anp_ethanol_mt_net_l,12,C_plus_brent,2026-03,3.9378700000000006,3.891338656189053,-0.04653134381094759,0.04653134381094759
anp_ethanol_mt_net_l,12,C_plus_brent,2026-04,3.957551541189931,3.92015651499262,-0.037395026197311054,0.037395026197311054
anp_ethanol_mt_net_l,12,C_plus_brent,2026-05,3.6171978363107606,3.877266969102653,0.2600691327918925,0.2600691327918925
anp_ethanol_mt_net_l,12,C_plus_brent,2026-06,3.2395272093023255,3.3444014297981086,0.1048742204957831,0.1048742204957831
anp_ethanol_mt_net_l,12,C_plus_brent,2026-07,3.1664301927710845,3.0804773610025475,-0.08595283176853696,0.08595283176853696
anp_ethanol_mt_net_l,12,C_plus_brent,2026-08,3.0987565,2.980079798661584,-0.11867670133841601,0.11867670133841601
anp_ethanol_mt_net_l,12,C_plus_brent,2026-09,3.4012503294117646,3.237336097728062,-0.16391423168370256,0.16391423168370256
anp_ethanol_mt_net_l,12,D_plus_usd_brl,2024-12,3.515244285714286,3.299015859114585,-0.21622842659970098,0.21622842659970098
anp_ethanol_mt_net_l,12,D_plus_usd_brl,2025-01,3.4166598421052634,3.5227958568118387,0.1061360147065753,0.1061360147065753
anp_ethanol_mt_net_l,12,D_plus_usd_brl,2025-02,3.6607532972972976,3.574980724217587,-0.08577257307971076,0.08577257307971076
anp_ethanol_mt_net_l,12,D_plus_usd_brl,2025-03,3.687158631578948,3.9070737287426196,0.21991509716367164,0.21991509716367164
anp_ethanol_mt_net_l,12,D_plus_usd_brl,2025-04,3.472572342105263,3.9342681754380258,0.46169583333276254,0.46169583333276254
anp_ethanol_mt_net_l,12,D_plus_usd_brl,2025-05,3.451445035917496,3.7159828204739416,0.2645377845564454,0.2645377845564454
anp_ethanol_mt_net_l,12,D_plus_usd_brl,2025-06,3.2962564324324326,3.570155198505593,0.27389876607316044,0.27389876607316044
anp_ethanol_mt_net_l,12,D_plus_usd_brl,2025-07,3.3666466000000006,3.364617460297177,-0.0020291397028238123,0.0020291397028238123
anp_ethanol_mt_net_l,12,D_plus_usd_brl,2025-08,3.488236260869565,3.4107633215446707,-0.07747293932489452,0.07747293932489452
anp_ethanol_mt_net_l,12,D_plus_usd_brl,2025-09,3.6453784,3.370042720438916,-0.27533567956108396,0.27533567956108396
anp_ethanol_mt_net_l,12,D_plus_usd_brl,2025-10,3.6835229411764714,3.2719852152499973,-0.4115377259264741,0.4115377259264741
anp_ethanol_mt_net_l,12,D_plus_usd_brl,2025-11,3.7082560000000004,3.4326144097505122,-0.2756415902494882,0.2756415902494882
anp_ethanol_mt_net_l,12,D_plus_usd_brl,2025-12,3.778527478260869,3.54404480984812,-0.234482668412749,0.234482668412749
anp_ethanol_mt_net_l,12,D_plus_usd_brl,2026-01,3.8762802307692312,3.58868542200559,-0.2875948087636413,0.2875948087636413
anp_ethanol_mt_net_l,12,D_plus_usd_brl,2026-02,3.873328082191781,3.655257626863895,-0.2180704553278856,0.2180704553278856
anp_ethanol_mt_net_l,12,D_plus_usd_brl,2026-03,3.9378700000000006,3.8006295418014706,-0.13724045819853004,0.13724045819853004
anp_ethanol_mt_net_l,12,D_plus_usd_brl,2026-04,3.957551541189931,3.8917924772206134,-0.06575906396931774,0.06575906396931774
anp_ethanol_mt_net_l,12,D_plus_usd_brl,2026-05,3.6171978363107606,3.777704016071289,0.16050617976052872,0.16050617976052872
anp_ethanol_mt_net_l,12,D_plus_usd_brl,2026-06,3.2395272093023255,3.371343531160841,0.13181632185851555,0.13181632185851555
anp_ethanol_mt_net_l,12,D_plus_usd_brl,2026-07,3.1664301927710845,2.9891523578287376,-0.17727783494234695,0.17727783494234695
anp_ethanol_mt_net_l,12,D_plus_usd_brl,2026-08,3.0987565,2.982097896956772,-0.11665860304322795,0.11665860304322795
anp_ethanol_mt_net_l,12,D_plus_usd_brl,2026-09,3.4012503294117646,3.232377346564474,-0.16887298284729058,0.16887298284729058
anp_ethanol_mt_net_l,26,A_target_seasonality,2025-03,3.5763224000000005,3.336276996774441,-0.24004540322555945,0.24004540322555945
anp_ethanol_mt_net_l,26,A_target_seasonality,2025-04,3.5042364736842107,3.4473318669348214,-0.05690460674938924,0.05690460674938924
anp_ethanol_mt_net_l,26,A_target_seasonality,2025-05,3.4142980000000005,3.5562142785121016,0.1419162785121011,0.1419162785121011
anp_ethanol_mt_net_l,26,A_target_seasonality,2025-06,3.308822909090909,3.6905289236722414,0.38170601458133246,0.38170601458133246
anp_ethanol_mt_net_l,26,A_target_seasonality,2025-07,3.267578363636364,3.564103883121401,0.29652551948503714,0.29652551948503714
anp_ethanol_mt_net_l,26,A_target_seasonality,2025-08,3.3631420000000003,3.430669517074043,0.06752751707404281,0.06752751707404281
anp_ethanol_mt_net_l,26,A_target_seasonality,2025-09,3.5840344000000006,3.4884543392868106,-0.09558006071319003,0.09558006071319003
anp_ethanol_mt_net_l,26,A_target_seasonality,2025-10,3.662401,3.361662559267767,-0.3007384407322331,0.3007384407322331
anp_ethanol_mt_net_l,26,A_target_seasonality,2025-11,3.7470220000000003,3.4141708242326017,-0.33285117576739864,0.33285117576739864
anp_ethanol_mt_net_l,26,A_target_seasonality,2025-12,3.7769929873417722,3.3928189576845442,-0.384174029657228,0.384174029657228
anp_ethanol_mt_net_l,26,A_target_seasonality,2026-01,3.8561800000000006,3.2952083879310012,-0.5609716120689994,0.5609716120689994
anp_ethanol_mt_net_l,26,A_target_seasonality,2026-02,3.9479390909090912,3.341781573861549,-0.6061575170475422,0.6061575170475422
anp_ethanol_mt_net_l,26,A_target_seasonality,2026-03,3.97568176,3.438498417079779,-0.5371833429202209,0.5371833429202209
anp_ethanol_mt_net_l,26,A_target_seasonality,2026-04,3.9650750153846164,3.540261984522679,-0.42481303086193734,0.42481303086193734
anp_ethanol_mt_net_l,26,A_target_seasonality,2026-05,3.65803912,3.528913290241336,-0.12912582975866416,0.12912582975866416
anp_ethanol_mt_net_l,26,A_target_seasonality,2026-06,3.2778895,3.46549921401313,0.1876097140131301,0.1876097140131301
anp_ethanol_mt_net_l,26,A_target_seasonality,2026-07,3.1859025454545455,3.4746881043017073,0.2887855588471617,0.2887855588471617
anp_ethanol_mt_net_l,26,A_target_seasonality,2026-08,3.1245571111111112,3.3709177669241615,0.24636065581305022,0.24636065581305022
anp_ethanol_mt_net_l,26,A_target_seasonality,2026-09,3.2287663750000006,3.373068555403027,0.14430218040302645,0.14430218040302645
anp_ethanol_mt_net_l,26,A_target_seasonality,2026-10,3.5156933500000003,3.5609234414493756,0.04523009144937529,0.04523009144937529
anp_ethanol_mt_net_l,26,B_plus_gasoline,2025-03,3.5763224000000005,3.5707312085155096,-0.005591191484490832,0.005591191484490832
anp_ethanol_mt_net_l,26,B_plus_gasoline,2025-04,3.5042364736842107,3.672849215566136,0.1686127418819252,0.1686127418819252
anp_ethanol_mt_net_l,26,B_plus_gasoline,2025-05,3.4142980000000005,3.6602833189642277,0.24598531896422715,0.24598531896422715
anp_ethanol_mt_net_l,26,B_plus_gasoline,2025-06,3.308822909090909,3.8042189288116974,0.4953960197207885,0.4953960197207885
anp_ethanol_mt_net_l,26,B_plus_gasoline,2025-07,3.267578363636364,3.6383617949164977,0.3707834312801337,0.3707834312801337
anp_ethanol_mt_net_l,26,B_plus_gasoline,2025-08,3.3631420000000003,3.4630026648393275,0.0998606648393272,0.0998606648393272
anp_ethanol_mt_net_l,26,B_plus_gasoline,2025-09,3.5840344000000006,3.535807004869569,-0.04822739513043173,0.04822739513043173
anp_ethanol_mt_net_l,26,B_plus_gasoline,2025-10,3.662401,3.440563355835809,-0.22183764416419116,0.22183764416419116
anp_ethanol_mt_net_l,26,B_plus_gasoline,2025-11,3.7470220000000003,3.449107959173795,-0.2979140408262051,0.2979140408262051
anp_ethanol_mt_net_l,26,B_plus_gasoline,2025-12,3.7769929873417722,3.4464969079179877,-0.33049607942378456,0.33049607942378456
anp_ethanol_mt_net_l,26,B_plus_gasoline,2026-01,3.8561800000000006,3.397194907928314,-0.4589850920716865,0.4589850920716865
anp_ethanol_mt_net_l,26,B_plus_gasoline,2026-02,3.9479390909090912,3.380945063092588,-0.5669940278165031,0.5669940278165031
anp_ethanol_mt_net_l,26,B_plus_gasoline,2026-03,3.97568176,3.59425624167979,-0.38142551832021,0.38142551832021
anp_ethanol_mt_net_l,26,B_plus_gasoline,2026-04,3.9650750153846164,3.674416835329767,-0.29065818005484934,0.29065818005484934
anp_ethanol_mt_net_l,26,B_plus_gasoline,2026-05,3.65803912,3.7159203775573517,0.05788125755735152,0.05788125755735152
anp_ethanol_mt_net_l,26,B_plus_gasoline,2026-06,3.2778895,3.7382323771168373,0.4603428771168372,0.4603428771168372
anp_ethanol_mt_net_l,26,B_plus_gasoline,2026-07,3.1859025454545455,3.6054858763907833,0.4195833309362378,0.4195833309362378
anp_ethanol_mt_net_l,26,B_plus_gasoline,2026-08,3.1245571111111112,3.523677389637145,0.3991202785260337,0.3991202785260337
anp_ethanol_mt_net_l,26,B_plus_gasoline,2026-09,3.2287663750000006,3.4865882425984793,0.2578218675984787,0.2578218675984787
anp_ethanol_mt_net_l,26,B_plus_gasoline,2026-10,3.5156933500000003,3.5672452974400746,0.0515519474400743,0.0515519474400743
anp_ethanol_mt_net_l,26,C_plus_brent,2025-03,3.5763224000000005,3.665909864852119,0.08958746485211844,0.08958746485211844
anp_ethanol_mt_net_l,26,C_plus_brent,2025-04,3.5042364736842107,3.638480485567381,0.13424401188317026,0.13424401188317026
anp_ethanol_mt_net_l,26,C_plus_brent,2025-05,3.4142980000000005,3.6703588451311875,0.256060845131187,0.256060845131187
anp_ethanol_mt_net_l,26,C_plus_brent,2025-06,3.308822909090909,3.784615686018442,0.4757927769275332,0.4757927769275332
anp_ethanol_mt_net_l,26,C_plus_brent,2025-07,3.267578363636364,3.6156218606376305,0.34804349700126647,0.34804349700126647
anp_ethanol_mt_net_l,26,C_plus_brent,2025-08,3.3631420000000003,3.4616754416101685,0.0985334416101682,0.0985334416101682
anp_ethanol_mt_net_l,26,C_plus_brent,2025-09,3.5840344000000006,3.5719128518480616,-0.012121548151938999,0.012121548151938999
anp_ethanol_mt_net_l,26,C_plus_brent,2025-10,3.662401,3.485260310953212,-0.17714068904678815,0.17714068904678815
anp_ethanol_mt_net_l,26,C_plus_brent,2025-11,3.7470220000000003,3.489315515674346,-0.25770648432565446,0.25770648432565446
anp_ethanol_mt_net_l,26,C_plus_brent,2025-12,3.7769929873417722,3.313509926579933,-0.4634830607618392,0.4634830607618392
anp_ethanol_mt_net_l,26,C_plus_brent,2026-01,3.8561800000000006,3.4708619809014642,-0.38531801909853636,0.38531801909853636
anp_ethanol_mt_net_l,26,C_plus_brent,2026-02,3.9479390909090912,3.4853334633384114,-0.4626056275706798,0.4626056275706798
anp_ethanol_mt_net_l,26,C_plus_brent,2026-03,3.97568176,3.6560267374103734,-0.31965502258962664,0.31965502258962664
anp_ethanol_mt_net_l,26,C_plus_brent,2026-04,3.9650750153846164,3.712789725082192,-0.2522852903024244,0.2522852903024244
anp_ethanol_mt_net_l,26,C_plus_brent,2026-05,3.65803912,3.7332729368875586,0.07523381688755837,0.07523381688755837
anp_ethanol_mt_net_l,26,C_plus_brent,2026-06,3.2778895,3.6902877376912517,0.4123982376912516,0.4123982376912516
anp_ethanol_mt_net_l,26,C_plus_brent,2026-07,3.1859025454545455,3.6112115978979613,0.42530905244341577,0.42530905244341577
anp_ethanol_mt_net_l,26,C_plus_brent,2026-08,3.1245571111111112,3.312430182157765,0.18787307104665363,0.18787307104665363
anp_ethanol_mt_net_l,26,C_plus_brent,2026-09,3.2287663750000006,3.2980934403371878,0.06932706533718713,0.06932706533718713
anp_ethanol_mt_net_l,26,C_plus_brent,2026-10,3.5156933500000003,3.0210013882099616,-0.4946919617900387,0.4946919617900387
anp_ethanol_mt_net_l,26,D_plus_usd_brl,2025-03,3.5763224000000005,3.7037288062475775,0.12740640624757704,0.12740640624757704
anp_ethanol_mt_net_l,26,D_plus_usd_brl,2025-04,3.5042364736842107,3.6590424891972533,0.15480601551304263,0.15480601551304263
anp_ethanol_mt_net_l,26,D_plus_usd_brl,2025-05,3.4142980000000005,3.691990440793803,0.2776924407938024,0.2776924407938024
anp_ethanol_mt_net_l,26,D_plus_usd_brl,2025-06,3.308822909090909,3.8003884049771375,0.49156549588622855,0.49156549588622855
anp_ethanol_mt_net_l,26,D_plus_usd_brl,2025-07,3.267578363636364,3.718067536375801,0.4504891727394371,0.4504891727394371
anp_ethanol_mt_net_l,26,D_plus_usd_brl,2025-08,3.3631420000000003,3.416066315479096,0.05292431547909571,0.05292431547909571
anp_ethanol_mt_net_l,26,D_plus_usd_brl,2025-09,3.5840344000000006,3.472815472086245,-0.11121892791375565,0.11121892791375565
anp_ethanol_mt_net_l,26,D_plus_usd_brl,2025-10,3.662401,3.4645701843322714,-0.19783081566772864,0.19783081566772864
anp_ethanol_mt_net_l,26,D_plus_usd_brl,2025-11,3.7470220000000003,3.513480564451313,-0.23354143554868712,0.23354143554868712
anp_ethanol_mt_net_l,26,D_plus_usd_brl,2025-12,3.7769929873417722,3.3233258576333355,-0.4536671297084367,0.4536671297084367
anp_ethanol_mt_net_l,26,D_plus_usd_brl,2026-01,3.8561800000000006,3.5543596894851865,-0.30182031051481406,0.30182031051481406
anp_ethanol_mt_net_l,26,D_plus_usd_brl,2026-02,3.9479390909090912,3.4676311031510028,-0.4803079877580885,0.4803079877580885
anp_ethanol_mt_net_l,26,D_plus_usd_brl,2026-03,3.97568176,3.5098219771986834,-0.4658597828013167,0.4658597828013167
anp_ethanol_mt_net_l,26,D_plus_usd_brl,2026-04,3.9650750153846164,3.591715725650074,-0.37335928973454235,0.37335928973454235
anp_ethanol_mt_net_l,26,D_plus_usd_brl,2026-05,3.65803912,3.6480566796969476,-0.00998244030305262,0.00998244030305262
anp_ethanol_mt_net_l,26,D_plus_usd_brl,2026-06,3.2778895,3.568868184304161,0.29097868430416085,0.29097868430416085
anp_ethanol_mt_net_l,26,D_plus_usd_brl,2026-07,3.1859025454545455,3.4442009482040885,0.25829840274954297,0.25829840274954297
anp_ethanol_mt_net_l,26,D_plus_usd_brl,2026-08,3.1245571111111112,3.221196798816179,0.0966396877050677,0.0966396877050677
anp_ethanol_mt_net_l,26,D_plus_usd_brl,2026-09,3.2287663750000006,3.1017852714416687,-0.12698110355833192,0.12698110355833192
anp_ethanol_mt_net_l,26,D_plus_usd_brl,2026-10,3.5156933500000003,2.997398788699617,-0.5182945613003831,0.5182945613003831
anp_ethanol_mt_net_l,52,A_target_seasonality,2025-09,3.6453784,3.1328489832173227,-0.512529416782677,0.512529416782677
anp_ethanol_mt_net_l,52,A_target_seasonality,2025-10,3.6669026119402988,3.2523197531324506,-0.41458285880784773,0.41458285880784773
anp_ethanol_mt_net_l,52,A_target_seasonality,2025-11,3.741367818181818,3.3999023128067054,-0.3414655053751128,0.3414655053751128
anp_ethanol_mt_net_l,52,A_target_seasonality,2025-12,3.778527478260869,3.3313573979419417,-0.44717008031892735,0.44717008031892735
anp_ethanol_mt_net_l,52,A_target_seasonality,2026-01,3.8343433600000005,3.542037497745664,-0.29230586225433663,0.29230586225433663
anp_ethanol_mt_net_l,52,A_target_seasonality,2026-02,3.950843636363637,3.59778840967183,-0.353055226691807,0.353055226691807
anp_ethanol_mt_net_l,52,A_target_seasonality,2026-03,3.9394925588235297,3.698073598974854,-0.24141895984867556,0.24141895984867556
anp_ethanol_mt_net_l,52,A_target_seasonality,2026-04,3.9650750153846164,3.6279847011577657,-0.33709031422685065,0.33709031422685065
anp_ethanol_mt_net_l,52,A_target_seasonality,2026-05,3.573285720081136,3.6264422015432993,0.053156481462163674,0.19996258151371626
anp_ethanol_mt_net_l,52,A_target_seasonality,2026-06,3.266884072289157,3.4955767839199354,0.22869271163077842,0.22869271163077842
anp_ethanol_mt_net_l,52,A_target_seasonality,2026-07,3.1724591616161617,3.323893244010753,0.15143408239459122,0.15143408239459122
anp_ethanol_mt_net_l,52,A_target_seasonality,2026-08,3.0987565,3.2626341995222248,0.16387769952222486,0.16387769952222486
anp_ethanol_mt_net_l,52,A_target_seasonality,2026-09,3.2422860869565215,3.2494367375665076,0.007150650609986098,0.007150650609986098
anp_ethanol_mt_net_l,52,A_target_seasonality,2026-10,3.5156933500000003,3.3767674517566078,-0.13892589824339252,0.13892589824339252
anp_ethanol_mt_net_l,52,B_plus_gasoline,2025-09,3.6453784,3.299187653262752,-0.3461907467372476,0.3461907467372476
anp_ethanol_mt_net_l,52,B_plus_gasoline,2025-10,3.6669026119402988,3.3978738404799866,-0.2690287714603119,0.2690287714603119
anp_ethanol_mt_net_l,52,B_plus_gasoline,2025-11,3.741367818181818,3.5053076885131342,-0.23606012966868395,0.23606012966868395
anp_ethanol_mt_net_l,52,B_plus_gasoline,2025-12,3.778527478260869,3.47756723198934,-0.3009602462715293,0.3009602462715293
anp_ethanol_mt_net_l,52,B_plus_gasoline,2026-01,3.8343433600000005,3.6212751519479136,-0.2130682080520867,0.2130682080520867
anp_ethanol_mt_net_l,52,B_plus_gasoline,2026-02,3.950843636363637,3.705811443834501,-0.24503219252913588,0.24503219252913588
anp_ethanol_mt_net_l,52,B_plus_gasoline,2026-03,3.9394925588235297,3.822583389161081,-0.11690916966244891,0.11690916966244891
anp_ethanol_mt_net_l,52,B_plus_gasoline,2026-04,3.9650750153846164,3.778299510528931,-0.18677550485568517,0.18677550485568517
anp_ethanol_mt_net_l,52,B_plus_gasoline,2026-05,3.573285720081136,3.6940872423135698,0.12080152223243412,0.18270485291908645
anp_ethanol_mt_net_l,52,B_plus_gasoline,2026-06,3.266884072289157,3.5503166931822734,0.2834326208931164,0.2834326208931164
anp_ethanol_mt_net_l,52,B_plus_gasoline,2026-07,3.1724591616161617,3.4510456938093683,0.2785865321932066,0.2785865321932066
anp_ethanol_mt_net_l,52,B_plus_gasoline,2026-08,3.0987565,3.37627758306505,0.2775210830650501,0.2775210830650501
anp_ethanol_mt_net_l,52,B_plus_gasoline,2026-09,3.2422860869565215,3.372004309819171,0.12971822286264967,0.12971822286264967
anp_ethanol_mt_net_l,52,B_plus_gasoline,2026-10,3.5156933500000003,3.468031725257565,-0.04766162474243529,0.04766162474243529
anp_ethanol_mt_net_l,52,C_plus_brent,2025-09,3.6453784,3.435574609696739,-0.20980379030326102,0.20980379030326102
anp_ethanol_mt_net_l,52,C_plus_brent,2025-10,3.6669026119402988,3.555094816191313,-0.11180779574898536,0.11180779574898536
anp_ethanol_mt_net_l,52,C_plus_brent,2025-11,3.741367818181818,3.6521888853162934,-0.08917893286552481,0.08917893286552481
anp_ethanol_mt_net_l,52,C_plus_brent,2025-12,3.778527478260869,3.5051275126786043,-0.27339996558226476,0.27339996558226476
anp_ethanol_mt_net_l,52,C_plus_brent,2026-01,3.8343433600000005,3.5984886916408843,-0.23585466835911628,0.23585466835911628
anp_ethanol_mt_net_l,52,C_plus_brent,2026-02,3.950843636363637,3.6326814629223367,-0.31816217344130004,0.31816217344130004
anp_ethanol_mt_net_l,52,C_plus_brent,2026-03,3.9394925588235297,3.8010086798437728,-0.13848387897975667,0.13848387897975667
anp_ethanol_mt_net_l,52,C_plus_brent,2026-04,3.9650750153846164,3.889786508184623,-0.07528850719999358,0.07528850719999358
anp_ethanol_mt_net_l,52,C_plus_brent,2026-05,3.573285720081136,3.8098789553696064,0.23659323528847054,0.23659323528847054
anp_ethanol_mt_net_l,52,C_plus_brent,2026-06,3.266884072289157,3.6183536468109305,0.3514695745217735,0.3514695745217735
anp_ethanol_mt_net_l,52,C_plus_brent,2026-07,3.1724591616161617,3.4982519367280513,0.32579277511188987,0.32579277511188987
anp_ethanol_mt_net_l,52,C_plus_brent,2026-08,3.0987565,3.4289095395691915,0.3301530395691916,0.3301530395691916
anp_ethanol_mt_net_l,52,C_plus_brent,2026-09,3.2422860869565215,3.4031605728397962,0.1608744858832747,0.1608744858832747
anp_ethanol_mt_net_l,52,C_plus_brent,2026-10,3.5156933500000003,3.4743991261856584,-0.04129422381434189,0.04129422381434189
anp_ethanol_mt_net_l,52,D_plus_usd_brl,2025-09,3.6453784,3.398950068119638,-0.24642833188036173,0.24642833188036173
anp_ethanol_mt_net_l,52,D_plus_usd_brl,2025-10,3.6669026119402988,3.5348443971953367,-0.13205821474496204,0.13205821474496204
anp_ethanol_mt_net_l,52,D_plus_usd_brl,2025-11,3.741367818181818,3.6392170871358793,-0.10215073104593886,0.10215073104593886
anp_ethanol_mt_net_l,52,D_plus_usd_brl,2025-12,3.778527478260869,3.479067516109095,-0.29945996215177395,0.29945996215177395
anp_ethanol_mt_net_l,52,D_plus_usd_brl,2026-01,3.8343433600000005,3.6187226686643,-0.2156206913357004,0.2156206913357004
anp_ethanol_mt_net_l,52,D_plus_usd_brl,2026-02,3.950843636363637,3.7129648008657394,-0.23787883549789735,0.23787883549789735
anp_ethanol_mt_net_l,52,D_plus_usd_brl,2026-03,3.9394925588235297,3.819283542308388,-0.12020901651514193,0.12020901651514193
anp_ethanol_mt_net_l,52,D_plus_usd_brl,2026-04,3.9650750153846164,3.8329728188392425,-0.13210219654537392,0.13210219654537392
anp_ethanol_mt_net_l,52,D_plus_usd_brl,2026-05,3.573285720081136,3.8221605749765732,0.24887485489543715,0.24887485489543715
anp_ethanol_mt_net_l,52,D_plus_usd_brl,2026-06,3.266884072289157,3.6343866979051924,0.3675026256160354,0.3675026256160354
anp_ethanol_mt_net_l,52,D_plus_usd_brl,2026-07,3.1724591616161617,3.5013670997655675,0.328907938149406,0.328907938149406
anp_ethanol_mt_net_l,52,D_plus_usd_brl,2026-08,3.0987565,3.46470057812146,0.36594407812146024,0.36594407812146024
anp_ethanol_mt_net_l,52,D_plus_usd_brl,2026-09,3.2422860869565215,3.4306434180130823,0.18835733105656072,0.18835733105656072
anp_ethanol_mt_net_l,52,D_plus_usd_brl,2026-10,3.5156933500000003,3.5302732492302873,0.014579899230287019,0.014579899230287019
