target,scenario,month,forecast
anp_ethanol_mt_net_l,base,2026-10,3.498172832515381
anp_ethanol_mt_net_l,base,2026-11,3.479013267198426
anp_ethanol_mt_net_l,base,2026-12,3.4172105143376896
anp_ethanol_mt_net_l,base,2027-01,3.353029277605148
anp_ethanol_mt_net_l,base,2027-02,3.2978283607743575
anp_ethanol_mt_net_l,base,2027-03,3.2428357467699302
anp_ethanol_mt_net_l,base,2027-04,3.2205281869838154
anp_ethanol_mt_net_l,base,2027-05,3.139966059413156
anp_ethanol_mt_net_l,base,2027-06,3.0061545839150865
anp_ethanol_mt_net_l,base,2027-07,2.8604053681923918
anp_ethanol_mt_net_l,base,2027-08,2.7496049680440895
anp_ethanol_mt_net_l,base,2027-09,2.7117922924651836
anp_ethanol_mt_net_l,base,2027-10,2.7236267650828743
anp_ethanol_mt_net_l,downside_macro,2026-10,3.414101785931495
anp_ethanol_mt_net_l,downside_macro,2026-11,3.3312634901662905
anp_ethanol_mt_net_l,downside_macro,2026-12,3.284529173301139
anp_ethanol_mt_net_l,downside_macro,2027-01,3.243403426151211
anp_ethanol_mt_net_l,downside_macro,2027-02,3.2144849608312263
anp_ethanol_mt_net_l,downside_macro,2027-03,3.182903815449313
anp_ethanol_mt_net_l,downside_macro,2027-04,3.185456045500642
anp_ethanol_mt_net_l,downside_macro,2027-05,3.1275689094100665
anp_ethanol_mt_net_l,downside_macro,2027-06,3.0117435791132188
anp_ethanol_mt_net_l,downside_macro,2027-07,2.883815073081198
anp_ethanol_mt_net_l,downside_macro,2027-08,2.788473112118723
anp_ethanol_mt_net_l,downside_macro,2027-09,2.762475290531366
anp_ethanol_mt_net_l,downside_macro,2027-10,2.7809120365281808
anp_ethanol_mt_net_l,upside_macro,2026-10,3.5808671124852736
anp_ethanol_mt_net_l,upside_macro,2026-11,3.6217322519361157
anp_ethanol_mt_net_l,upside_macro,2026-12,3.5405260904978313
anp_ethanol_mt_net_l,upside_macro,2027-01,3.4477988143037175
anp_ethanol_mt_net_l,upside_macro,2027-02,3.360789710235375
anp_ethanol_mt_net_l,upside_macro,2027-03,3.2777511382190476
anp_ethanol_mt_net_l,upside_macro,2027-04,3.2258910701291654
anp_ethanol_mt_net_l,upside_macro,2027-05,3.118532340706262
anp_ethanol_mt_net_l,upside_macro,2027-06,2.963572311090717
anp_ethanol_mt_net_l,upside_macro,2027-07,2.796945537867324
anp_ethanol_mt_net_l,upside_macro,2027-08,2.6681047958458444
anp_ethanol_mt_net_l,upside_macro,2027-09,2.6165502034636186
anp_ethanol_mt_net_l,upside_macro,2027-10,2.6207277178804946
