target,horizon_weeks,added_block,mae_delta_vs_previous,rmse_delta_vs_previous,helps_mae,helps_rmse
anp_ethanol_mt_net_l,4,B_plus_gasoline,-0.007125583618915743,0.002533972491142955,True,False
anp_ethanol_mt_net_l,4,C_plus_brent,-0.025155701755588372,-0.04808088198500918,True,True
anp_ethanol_mt_net_l,4,D_plus_usd_brl,0.004260339775936192,0.009783315927470976,False,False
anp_ethanol_mt_net_l,12,B_plus_gasoline,-0.016163483174213622,0.002537725523018619,True,False
anp_ethanol_mt_net_l,12,C_plus_brent,-0.0757397524735633,-0.08289901602853303,True,True
anp_ethanol_mt_net_l,12,D_plus_usd_brl,0.011004008669324161,-0.0013365074391131215,False,True
anp_ethanol_mt_net_l,26,B_plus_gasoline,0.0037668836457203647,0.0010910018417646938,False,False
anp_ethanol_mt_net_l,26,C_plus_brent,-0.03597474450860494,-0.03494804612293967,True,True
anp_ethanol_mt_net_l,26,D_plus_usd_brl,0.006119209944432602,0.0055250728533426385,False,False
anp_ethanol_mt_net_l,52,B_plus_gasoline,-0.05804247362305781,-0.06611946903627486,True,True
anp_ethanol_mt_net_l,52,C_plus_brent,-0.014826288360881346,0.0018049283734676846,True,False
anp_ethanol_mt_net_l,52,D_plus_usd_brl,0.005781617745905271,0.001709712824864873,False,False
